match_id,team,playerId,MIN,FG,3PT,FT,OREB,DREB,REB,AST,STL,BLK,TO,PF,+/-,PTS
281028002,visit,885,19,'1-1,'0-0,'0-0,0,4,4,0,0,1,1,2,-1,2
281028002,visit,1966,36,'9-21,'0-4,'4-8,1,6,7,6,2,1,3,4,-3,22
281028002,visit,362,30,'3-5,'0-0,'9-10,3,5,8,1,0,0,4,3,+7,15
281028002,visit,2178,31,'4-10,'3-5,'1-1,0,3,3,2,1,0,4,5,+3,12
281028002,visit,2422,35,'2-4,'0-1,'2-2,0,2,2,2,0,0,1,0,-10,6
281028002,visit,3440,0,'0-0,'0-0,'0-0,0,0,0,0,0,0,0,0,-1,0
281028002,visit,959,10,'1-3,'0-0,'0-0,0,2,2,1,1,0,1,4,+0,2
281028002,visit,2850,0,'0-0,'0-0,'0-0,0,0,0,0,0,0,0,0,-1,0
281028002,visit,3437,0,'0-0,'0-0,'0-0,0,0,0,0,0,0,0,0,+0,0
281028002,visit,2419,26,'3-6,'0-0,'3-5,4,5,9,1,3,0,2,2,-7,9
281028002,visit,796,0,'0-0,'0-0,'0-0,0,0,0,0,0,0,0,0,-1,0
281028002,visit,3006,23,'2-8,'0-2,'2-3,0,3,3,3,0,0,0,1,-8,6
281028002,visit,3045,0,'0-0,'0-0,'0-0,0,0,0,0,0,0,0,0,+0,0
281028002,visit,2172,13,'3-6,'0-2,'1-2,0,3,3,0,0,0,3,1,-3,7
281028002,visit,831,16,'1-4,'0-1,'2-2,0,0,0,0,1,0,2,4,-3,4
281028002,home,261,36,'5-15,'0-0,'1-4,1,5,6,2,2,0,2,1,+5,11
281028002,home,662,38,'10-19,'2-4,'5-8,1,2,3,4,1,0,2,4,+12,27
281028002,home,2018,21,'1-2,'0-0,'0-0,4,4,8,0,0,0,2,6,-7,2
281028002,home,3026,30,'4-5,'0-0,'6-10,1,4,5,6,3,0,2,5,+4,14
281028002,home,9,41,'2-9,'1-4,'3-4,1,3,4,1,1,0,4,1,-1,8
281028002,home,1021,0,'0-0,'0-0,'0-0,0,0,0,0,0,0,0,0,+0,0
281028002,home,3200,16,'1-3,'0-0,'0-0,0,4,4,2,1,0,2,2,+1,2
281028002,home,3023,23,'5-7,'0-0,'3-4,1,1,2,0,0,0,1,4,+12,13
281028002,home,3464,0,'0-0,'0-0,'0-0,0,0,0,0,0,0,0,0,-1,0
281028002,home,3019,0,'0-0,'0-0,'0-0,0,0,0,0,0,0,0,0,+0,0
281028002,home,3227,0,'0-0,'0-0,'0-0,0,0,0,0,0,0,0,0,+0,0
281028002,home,138,0,'0-0,'0-0,'0-0,0,0,0,0,0,0,0,0,-1,0
281028002,home,3429,0,'0-0,'0-0,'0-0,0,0,0,0,0,0,0,0,-1,0
281028002,home,2367,17,'4-9,'0-2,'3-4,1,2,3,1,1,0,0,2,-2,11
281028002,home,348,18,'1-5,'0-4,'0-0,0,1,1,0,1,0,1,3,+1,2
281031002,visit,1711,20,'4-8,'0-0,'1-1,2,2,4,0,1,0,2,3,-16,9
281031002,visit,3032,29,'2-17,'0-1,'7-8,2,4,6,0,1,2,3,2,-18,11
281031002,visit,2429,32,'2-10,'0-0,'4-4,0,8,8,1,0,1,1,2,-27,8
281031002,visit,3028,20,'2-6,'0-2,'3-3,0,2,2,0,3,0,2,1,-4,7
281031002,visit,3456,28,'6-14,'0-0,'6-6,2,2,4,1,1,0,3,4,-15,18
281031002,visit,741,0,'0-0,'0-0,'0-0,0,0,0,0,0,0,0,0,-1,0
281031002,visit,3223,4,'0-2,'0-0,'0-0,0,0,0,1,0,0,0,0,+0,0
281031002,visit,3030,0,'0-0,'0-0,'0-0,0,0,0,0,0,0,0,0,+0,0
281031002,visit,2456,13,'1-4,'1-2,'0-0,0,0,0,0,0,0,1,6,+1,3
281031002,visit,3207,19,'1-3,'0-0,'0-0,2,4,6,2,1,3,2,3,+5,2
281031002,visit,3224,23,'2-7,'0-1,'1-2,4,9,13,0,1,0,2,3,+2,5
281031002,visit,1981,25,'2-3,'0-0,'2-2,0,0,0,3,0,0,1,4,-4,6
281031002,visit,2381,27,'3-10,'1-2,'4-4,1,0,1,3,0,0,3,2,-16,11
281031002,visit,356,0,'0-0,'0-0,'0-0,0,0,0,0,0,0,0,0,-1,0
281031002,home,261,26,'7-11,'0-0,'4-4,1,9,10,3,2,1,3,2,+19,18
281031002,home,662,34,'6-11,'0-1,'2-2,0,9,9,2,1,1,1,3,+22,14
281031002,home,2018,28,'4-9,'0-0,'0-0,4,6,10,1,0,1,3,5,+19,8
281031002,home,3026,30,'4-8,'0-0,'6-11,0,3,3,6,1,0,3,1,+16,14
281031002,home,9,28,'5-11,'1-4,'3-3,0,1,1,0,0,0,2,0,+16,14
281031002,home,1021,6,'0-1,'0-0,'0-0,0,0,0,0,0,0,0,0,-13,0
281031002,home,3200,16,'0-3,'0-0,'2-2,1,1,2,1,1,0,1,5,+8,2
281031002,home,3023,18,'3-6,'0-0,'7-10,1,5,6,1,0,1,3,4,+9,13
281031002,home,3464,0,'0-0,'0-0,'0-0,0,0,0,0,0,0,0,0,-1,0
281031002,home,3019,4,'0-1,'0-0,'1-2,0,2,2,0,0,1,2,1,-12,1
281031002,home,3227,6,'1-1,'1-1,'0-0,1,0,1,0,0,0,0,1,-6,3
281031002,home,138,0,'0-0,'0-0,'0-0,0,0,0,0,0,0,0,0,-1,0
281031002,home,3429,0,'0-0,'0-0,'0-0,0,0,0,0,0,0,0,0,-1,0
281031002,home,2367,25,'1-8,'0-1,'4-4,1,2,3,1,3,1,1,2,+1,6
281031002,home,348,19,'1-3,'0-1,'1-1,0,2,2,0,0,1,1,3,+1,3
281101011,visit,261,34,'9-18,'0-0,'0-1,4,10,14,1,1,1,6,2,-18,18
281101011,visit,662,38,'3-15,'2-7,'7-12,2,8,10,4,2,1,4,2,-14,15
281101011,visit,2018,20,'0-2,'0-0,'0-0,1,2,3,3,0,1,1,3,-11,0
281101011,visit,3026,25,'1-4,'0-0,'0-3,3,3,6,4,1,0,0,4,-22,2
281101011,visit,9,26,'4-10,'1-3,'1-2,4,2,6,1,1,0,4,1,-21,10
281101011,visit,1021,8,'1-2,'0-1,'0-0,1,2,3,0,0,0,0,0,+2,2
281101011,visit,3200,13,'0-1,'0-0,'1-4,0,1,1,0,1,0,0,0,-5,1
281101011,visit,3023,17,'3-3,'0-0,'3-4,1,3,4,0,0,1,2,3,+3,9
281101011,visit,3464,0,'0-0,'0-0,'0-0,0,0,0,0,0,0,0,0,-1,0
281101011,visit,3019,7,'0-0,'0-0,'2-2,1,2,3,1,0,0,1,2,+3,2
281101011,visit,3227,4,'0-1,'0-1,'1-1,0,1,1,1,0,0,1,0,+8,1
281101011,visit,138,0,'0-0,'0-0,'0-0,0,0,0,0,0,0,0,0,-1,0
281101011,visit,3429,0,'0-0,'0-0,'0-0,0,0,0,0,0,0,0,0,-1,0
281101011,visit,2367,27,'5-12,'0-1,'4-4,0,1,1,0,0,1,3,5,-1,14
281101011,visit,348,20,'1-10,'1-7,'2-2,0,0,0,0,2,0,2,3,-4,5
281101011,home,1013,34,'4-10,'2-5,'0-0,0,8,8,5,3,0,3,2,+21,10
281101011,home,2760,37,'7-18,'1-7,'5-6,0,4,4,1,1,2,4,5,+12,20
281101011,home,598,20,'4-7,'0-0,'0-0,2,2,4,2,0,2,1,2,+10,8
281101011,home,1979,32,'5-9,'1-1,'8-8,0,2,2,4,2,0,0,3,+12,19
281101011,home,2200,39,'6-12,'1-3,'0-0,3,7,10,4,2,2,2,3,+21,13
281101011,home,3220,0,'0-0,'0-0,'0-0,0,0,0,0,0,0,0,0,+0,0
281101011,home,250,21,'1-6,'0-0,'4-4,3,3,6,3,1,0,0,3,+2,6
281101011,home,2832,0,'0-0,'0-0,'0-0,0,0,0,0,0,0,0,0,+0,0
281101011,home,44,0,'0-0,'0-0,'0-0,0,0,0,0,0,0,0,0,+0,0
281101011,home,3436,12,'2-3,'0-0,'1-2,1,2,3,0,0,1,0,3,-1,5
281101011,home,2768,27,'3-7,'1-3,'4-5,1,6,7,1,0,0,1,4,+5,11
281101011,home,2749,0,'0-0,'0-0,'0-0,0,0,0,0,0,0,0,0,-1,0
281101011,home,1024,0,'0-0,'0-0,'0-0,0,0,0,0,0,0,0,0,-1,0
281101011,home,3457,18,'1-9,'0-3,'1-2,2,2,4,0,0,1,1,2,-2,3
281101011,home,1708,0,'0-0,'0-0,'0-0,0,0,0,0,0,0,0,0,-1,0
281104010,visit,261,36,'6-15,'0-0,'2-2,1,10,11,1,0,1,2,2,-8,14
281104010,visit,662,44,'5-15,'1-4,'2-4,3,6,9,4,3,0,4,3,+16,13
281104010,visit,2018,35,'7-8,'0-0,'1-5,3,4,7,0,0,4,3,2,+3,15
281104010,visit,3026,29,'5-10,'0-0,'0-0,2,5,7,7,0,0,2,3,-7,10
281104010,visit,9,35,'11-15,'2-6,'5-5,2,3,5,5,0,0,2,6,-2,29
281104010,visit,1021,0,'0-0,'0-0,'0-0,0,0,0,0,0,0,0,0,+0,0
281104010,visit,3200,13,'3-6,'0-0,'3-3,2,0,2,1,1,0,0,2,+1,9
281104010,visit,3023,12,'0-2,'0-0,'1-2,1,1,2,2,1,0,1,4,+12,1
281104010,visit,3464,0,'0-0,'0-0,'0-0,0,0,0,0,0,0,0,0,+0,0
281104010,visit,3019,0,'0-0,'0-0,'0-0,0,0,0,0,0,0,0,0,-1,0
281104010,visit,3227,0,'0-0,'0-0,'0-0,0,0,0,0,0,0,0,0,+0,0
281104010,visit,138,0,'0-0,'0-0,'0-0,0,0,0,0,0,0,0,0,-1,0
281104010,visit,3429,0,'0-0,'0-0,'0-0,0,0,0,0,0,0,0,0,-1,0
281104010,visit,2367,16,'1-1,'0-0,'2-2,0,2,2,0,2,0,1,1,-6,4
281104010,visit,348,19,'2-5,'0-2,'4-4,0,1,1,1,3,0,1,1,+11,8
281104010,home,1781,36,'9-15,'0-0,'3-3,5,4,9,0,1,0,1,3,+5,21
281104010,home,25,37,'3-16,'3-10,'6-9,3,4,7,1,2,0,1,5,-2,15
281104010,home,1722,28,'4-14,'0-0,'0-0,1,6,7,0,0,0,2,3,-8,8
281104010,home,11,30,'1-6,'0-4,'2-2,2,2,4,7,1,0,1,1,-4,4
281104010,home,532,37,'9-18,'1-4,'7-8,0,2,2,6,3,0,2,0,+1,26
281104010,home,2834,20,'1-2,'0-0,'0-0,1,3,4,0,0,1,0,2,+6,2
281104010,home,3217,12,'1-3,'0-0,'0-0,2,1,3,2,0,0,1,4,-11,2
281104010,home,3421,0,'0-0,'0-0,'0-0,0,0,0,0,0,0,0,0,+0,0
281104010,home,976,0,'0-0,'0-0,'0-0,0,0,0,0,0,0,0,0,-1,0
281104010,home,255,0,'0-0,'0-0,'0-0,0,0,0,0,0,0,0,0,-1,0
281104010,home,2763,0,'0-0,'0-0,'0-0,0,0,0,0,0,0,0,0,+0,0
281104010,home,3192,18,'4-9,'2-3,'2-2,0,1,1,1,1,0,2,3,-2,12
281104010,home,42,22,'2-4,'1-3,'4-4,1,3,4,2,1,0,1,3,-5,9
281104010,home,2793,0,'0-0,'0-0,'0-0,0,0,0,0,0,0,0,0,+0,0
281105025,visit,261,29,'8-14,'0-0,'1-1,1,7,8,0,2,0,1,2,-3,17
281105025,visit,662,40,'7-20,'3-6,'3-3,1,8,9,5,1,0,1,2,+20,20
281105025,visit,2018,33,'4-9,'0-1,'2-4,3,6,9,3,1,4,2,3,+9,10
281105025,visit,3026,33,'2-2,'0-0,'0-2,0,2,2,11,2,0,3,2,+4,4
281105025,visit,9,38,'7-17,'3-6,'1-2,2,7,9,4,2,0,2,2,+2,18
281105025,visit,1021,0,'0-0,'0-0,'0-0,0,0,0,0,0,0,0,0,+0,0
281105025,visit,3200,15,'0-3,'0-0,'1-2,1,4,5,1,0,1,0,2,+4,1
281105025,visit,3023,18,'3-6,'0-0,'5-5,3,1,4,1,1,0,1,3,+18,11
281105025,visit,3464,0,'0-0,'0-0,'0-0,0,0,0,0,0,0,0,0,+0,0
281105025,visit,3019,0,'0-0,'0-0,'0-0,0,0,0,0,0,0,0,0,-1,0
281105025,visit,3227,0,'0-0,'0-0,'0-0,0,0,0,0,0,0,0,0,+0,0
281105025,visit,138,0,'0-0,'0-0,'0-0,0,0,0,0,0,0,0,0,-1,0
281105025,visit,3429,0,'0-0,'0-0,'0-0,0,0,0,0,0,0,0,0,-1,0
281105025,visit,2367,18,'4-8,'0-1,'0-0,1,1,2,0,1,0,2,3,+4,8
281105025,visit,348,15,'1-4,'1-3,'4-4,0,1,1,0,0,0,0,0,+7,7
281105025,home,1978,25,'1-6,'0-0,'0-0,1,5,6,1,0,2,0,5,-9,2
281105025,home,3202,32,'6-15,'0-1,'5-6,1,1,2,2,1,1,3,0,-1,17
281105025,home,3209,30,'5-13,'2-5,'2-2,0,6,6,2,1,1,1,2,-6,14
281105025,home,2780,18,'4-5,'0-0,'0-0,0,1,1,0,1,0,1,1,+0,8
281105025,home,1027,24,'1-6,'1-1,'4-4,2,5,7,5,0,0,2,3,-7,7
281105025,home,3469,0,'0-0,'0-0,'0-0,0,0,0,0,0,0,0,0,-1,0
281105025,home,1731,28,'2-5,'0-0,'1-2,2,6,8,0,0,0,2,3,-7,5
281105025,home,788,25,'4-9,'0-1,'1-2,2,3,5,1,1,0,0,2,-4,9
281105025,home,518,24,'4-9,'0-0,'0-1,2,2,4,0,0,1,3,3,-12,8
281105025,home,3477,0,'0-0,'0-0,'0-0,0,0,0,0,0,0,0,0,-1,0
281105025,home,3029,0,'0-0,'0-0,'0-0,0,0,0,0,0,0,0,0,-1,0
281105025,home,2416,0,'0-0,'0-0,'0-0,0,0,0,0,0,0,0,0,+0,0
281105025,home,3468,19,'4-13,'3-5,'2-2,3,2,5,1,1,0,2,3,-3,13
281105025,home,3466,5,'0-0,'0-0,'0-0,0,1,1,2,0,0,1,1,-3,0
281105025,home,2506,10,'0-3,'0-0,'0-0,0,1,1,1,0,0,0,0,-7,0
281107002,visit,2792,35,'6-17,'1-2,'0-1,6,6,12,1,0,0,1,2,-10,13
281107002,visit,1006,33,'8-15,'2-4,'2-2,0,5,5,2,2,0,4,3,+0,20
281107002,visit,2747,26,'4-11,'0-0,'3-5,0,8,8,3,0,1,1,5,+5,11
281107002,visit,1985,36,'3-10,'0-2,'6-6,2,0,2,4,1,0,4,2,-12,12
281107002,visit,1034,36,'2-6,'1-4,'0-0,0,3,3,5,1,0,2,2,-8,5
281107002,visit,3451,24,'2-4,'0-1,'5-6,1,8,9,0,0,1,1,2,-19,9
281107002,visit,10,6,'1-1,'0-0,'1-2,0,0,0,0,0,0,0,0,+4,3
281107002,visit,167,0,'0-0,'0-0,'0-0,0,0,0,0,0,0,0,0,-1,0
281107002,visit,3411,6,'1-2,'1-1,'0-2,0,1,1,1,0,0,1,0,+4,3
281107002,visit,1710,2,'0-0,'0-0,'0-0,0,0,0,0,0,0,0,3,-1,0
281107002,visit,234,14,'0-5,'0-0,'0-0,1,1,2,0,1,0,1,2,-13,0
281107002,visit,3231,20,'3-6,'1-1,'4-4,2,0,2,0,2,0,5,3,-16,11
281107002,visit,406,0,'0-0,'0-0,'0-0,0,0,0,0,0,0,0,0,-1,0
281107002,visit,489,5,'1-1,'0-0,'0-0,0,0,0,1,1,0,2,0,+6,2
281107002,visit,692,0,'0-0,'0-0,'0-0,0,0,0,0,0,0,0,0,-1,0
281107002,home,261,30,'7-13,'0-0,'2-2,1,8,9,1,1,2,1,3,+3,16
281107002,home,662,38,'6-16,'2-6,'4-5,1,9,10,7,0,0,2,1,+13,18
281107002,home,2018,25,'2-7,'0-0,'2-2,3,5,8,0,1,7,5,4,+1,6
281107002,home,3026,33,'3-5,'0-1,'2-2,0,2,2,8,3,1,3,2,+13,8
281107002,home,9,31,'3-11,'1-6,'2-2,0,5,5,4,2,0,1,0,+3,9
281107002,home,1021,5,'0-1,'0-1,'0-0,0,0,0,0,0,0,0,0,-6,0
281107002,home,3200,18,'4-7,'0-0,'0-0,2,2,4,1,0,0,2,6,+17,8
281107002,home,3023,19,'3-4,'0-0,'4-9,1,2,3,2,1,1,0,3,+9,10
281107002,home,3464,4,'1-2,'0-0,'0-0,0,0,0,0,0,0,1,1,-6,2
281107002,home,3019,0,'0-0,'0-0,'0-0,0,0,0,0,0,0,0,0,-1,0
281107002,home,3227,4,'0-1,'0-1,'0-0,0,0,0,0,0,0,1,0,-6,0
281107002,home,138,0,'0-0,'0-0,'0-0,0,0,0,0,0,0,0,0,-1,0
281107002,home,3429,0,'0-0,'0-0,'0-0,0,0,0,0,0,0,0,0,-1,0
281107002,home,2367,23,'4-5,'0-0,'5-5,0,0,0,4,2,0,2,4,+14,13
281107002,home,348,11,'5-7,'1-2,'0-0,1,1,2,1,3,0,0,2,+5,11
281109008,visit,261,33,'4-15,'0-0,'0-0,1,11,12,2,1,0,4,1,+8,8
281109008,visit,662,28,'3-10,'0-0,'1-1,0,2,2,2,1,1,3,4,-5,7
281109008,visit,2018,28,'0-3,'0-0,'0-0,3,7,10,0,0,2,3,4,+11,0
281109008,visit,3026,32,'4-5,'0-0,'5-7,1,0,1,5,2,0,3,4,+0,13
281109008,visit,9,38,'4-9,'2-3,'7-7,2,6,8,3,0,0,3,1,+23,17
281109008,visit,1021,0,'0-0,'0-0,'0-0,0,0,0,0,0,0,0,0,+0,0
281109008,visit,3200,20,'2-6,'0-0,'2-2,2,1,3,2,0,0,1,2,+3,6
281109008,visit,3023,15,'2-4,'0-0,'2-3,1,2,3,1,1,1,1,4,+4,6
281109008,visit,3464,2,'0-0,'0-0,'0-0,0,0,0,0,0,0,0,0,-4,0
281109008,visit,3019,0,'0-0,'0-0,'0-0,0,0,0,0,0,0,0,0,-1,0
281109008,visit,3227,0,'0-0,'0-0,'0-0,0,0,0,0,0,0,0,0,+0,0
281109008,visit,138,0,'0-0,'0-0,'0-0,0,0,0,0,0,0,0,0,-1,0
281109008,visit,3429,0,'0-0,'0-0,'0-0,0,0,0,0,0,0,0,0,-1,0
281109008,visit,2367,28,'11-16,'0-2,'1-3,1,4,5,1,2,1,0,2,+10,23
281109008,visit,348,16,'3-6,'2-3,'0-0,0,1,1,3,1,0,2,4,+10,8
281109008,home,2769,22,'3-7,'0-0,'1-1,2,3,5,0,2,3,0,4,+9,7
281109008,home,883,39,'4-17,'2-8,'0-0,0,11,11,1,2,1,3,4,+0,10
281109008,home,1724,41,'9-16,'2-2,'3-3,5,3,8,2,1,0,1,2,-5,23
281109008,home,294,37,'0-8,'0-1,'3-4,1,1,2,3,1,0,2,2,-17,3
281109008,home,366,31,'4-11,'0-1,'2-4,2,2,4,4,1,1,4,3,-1,10
281109008,home,2775,17,'0-5,'0-0,'2-4,1,1,2,0,0,1,3,4,-26,2
281109008,home,3058,4,'0-1,'0-1,'0-0,0,1,1,0,0,0,0,1,-5,0
281109008,home,3458,0,'0-0,'0-0,'0-0,0,0,0,0,0,0,0,0,-1,0
281109008,home,981,12,'0-1,'0-0,'2-4,1,1,2,1,0,1,1,3,-10,2
281109008,home,2816,12,'3-4,'1-1,'4-6,0,0,0,2,1,0,1,0,+8,11
281109008,home,3235,12,'1-2,'0-0,'2-2,0,2,2,0,1,0,0,1,-21,4
281109008,home,3187,12,'2-3,'0-0,'0-0,0,1,1,1,0,1,1,1,+8,4
281109008,home,2802,0,'0-0,'0-0,'0-0,0,0,0,0,0,0,0,0,+0,0
281110002,visit,1977,40,'3-8,'0-0,'3-4,1,6,7,1,0,0,2,4,+0,9
281110002,visit,3249,16,'2-5,'1-4,'0-0,1,6,7,1,1,1,0,2,+5,5
281110002,visit,615,39,'8-17,'0-0,'7-9,2,9,11,5,0,0,3,3,-10,23
281110002,visit,2806,39,'2-9,'1-4,'2-2,1,0,1,10,1,1,1,0,-10,7
281110002,visit,635,32,'6-13,'3-5,'0-1,0,0,0,0,0,0,3,3,-17,15
281110002,visit,2433,6,'2-3,'0-0,'0-0,0,2,2,0,0,0,0,0,+5,4
281110002,visit,2981,0,'0-0,'0-0,'0-0,0,0,0,0,0,0,0,0,+0,0
281110002,visit,2759,18,'3-5,'1-1,'1-2,1,4,5,0,0,0,0,3,+3,8
281110002,visit,3441,0,'0-0,'0-0,'0-0,0,0,0,0,0,0,0,0,-1,0
281110002,visit,2987,11,'1-4,'0-1,'0-0,0,0,0,0,0,0,1,4,-9,2
281110002,visit,1023,9,'0-3,'0-1,'0-0,2,0,2,2,1,0,3,0,+1,0
281110002,visit,2790,0,'0-0,'0-0,'0-0,0,0,0,0,0,0,0,0,+0,0
281110002,visit,2010,29,'6-10,'2-3,'0-0,0,4,4,6,0,0,3,4,-3,14
281110002,home,261,35,'10-19,'0-1,'1-1,3,7,10,3,0,1,0,4,+13,21
281110002,home,662,45,'10-22,'4-7,'12-14,0,9,9,4,0,0,4,3,+8,36
281110002,home,2018,21,'1-1,'0-0,'0-0,0,4,4,1,0,1,0,4,-5,2
281110002,home,3026,33,'2-8,'0-1,'0-0,1,4,5,3,1,0,2,2,+10,4
281110002,home,9,37,'5-13,'1-7,'8-8,0,4,4,3,1,0,1,1,+15,19
281110002,home,1021,0,'0-0,'0-0,'0-0,0,0,0,0,0,0,0,0,+0,0
281110002,home,3200,21,'0-2,'0-0,'1-2,0,4,4,0,1,0,0,4,-1,1
281110002,home,3023,18,'1-1,'0-0,'2-2,0,1,1,2,0,0,2,0,+5,4
281110002,home,3464,0,'0-0,'0-0,'0-0,0,0,0,0,0,0,0,0,+0,0
281110002,home,3019,0,'0-0,'0-0,'0-0,0,0,0,0,0,0,0,0,-1,0
281110002,home,3227,0,'0-0,'0-0,'0-0,0,0,0,0,0,0,0,0,+0,0
281110002,home,138,0,'0-0,'0-0,'0-0,0,0,0,0,0,0,0,0,-1,0
281110002,home,3429,0,'0-0,'0-0,'0-0,0,0,0,0,0,0,0,0,-1,0
281110002,home,2367,13,'0-2,'0-1,'0-0,1,1,2,0,1,0,2,2,-9,0
281110002,home,348,15,'3-5,'1-3,'0-0,0,0,0,1,1,0,0,1,-1,7
281112002,visit,2797,38,'4-6,'4-4,'2-3,1,3,4,1,0,0,1,5,+4,14
281112002,visit,3213,23,'2-6,'0-0,'1-2,1,2,3,2,2,2,1,5,+4,5
281112002,visit,2016,22,'1-5,'0-0,'7-9,2,3,5,0,0,0,1,2,+6,9
281112002,visit,61,30,'6-9,'2-2,'2-2,0,2,2,3,1,0,2,1,-6,16
281112002,visit,1007,43,'9-23,'2-8,'8-9,1,3,4,7,2,0,1,3,-8,28
281112002,visit,3010,25,'1-3,'0-0,'0-0,0,5,5,1,0,1,0,5,-7,2
281112002,visit,2411,0,'0-0,'0-0,'0-0,0,0,0,0,0,0,0,0,-1,0
281112002,visit,3475,0,'0-0,'0-0,'0-0,0,0,0,0,0,0,0,0,+0,0
281112002,visit,3179,4,'0-0,'0-0,'0-0,0,1,1,0,0,0,1,4,+1,0
281112002,visit,3219,0,'0-0,'0-0,'0-0,0,0,0,0,0,0,0,0,+1,0
281112002,visit,150,0,'0-0,'0-0,'0-0,0,0,0,0,0,0,0,0,-1,0
281112002,visit,3263,0,'0-0,'0-0,'0-0,0,0,0,0,0,0,0,0,-1,0
281112002,visit,3278,1,'0-0,'0-0,'1-2,0,1,1,1,1,0,0,0,+3,1
281112002,visit,1031,29,'4-7,'3-5,'2-2,0,5,5,2,1,0,2,5,-4,13
281112002,visit,1777,24,'4-9,'2-3,'4-4,0,2,2,0,1,0,5,3,+1,14
281112002,home,261,35,'10-16,'0-0,'5-5,3,9,12,4,1,2,1,2,+13,25
281112002,home,662,45,'8-14,'3-7,'15-16,2,4,6,1,0,0,5,4,+6,34
281112002,home,2018,31,'3-4,'0-0,'3-5,3,5,8,2,0,0,2,3,+10,9
281112002,home,3026,31,'2-8,'0-1,'1-4,0,4,4,10,1,0,3,4,+3,5
281112002,home,9,37,'6-17,'1-9,'4-4,5,2,7,2,1,0,3,4,+9,17
281112002,home,1021,0,'0-0,'0-0,'0-0,0,0,0,0,0,0,0,0,+0,0
281112002,home,3200,13,'1-2,'0-0,'0-0,1,1,2,1,0,0,0,3,-12,2
281112002,home,3023,16,'0-1,'0-0,'4-6,0,3,3,0,0,2,1,3,-4,4
281112002,home,3464,0,'0-0,'0-0,'0-0,0,0,0,0,0,0,0,0,+0,0
281112002,home,3019,0,'0-0,'0-0,'0-0,0,0,0,0,0,0,0,0,-1,0
281112002,home,3227,0,'0-0,'0-0,'0-0,0,0,0,0,0,0,0,0,+0,0
281112002,home,138,0,'0-0,'0-0,'0-0,0,0,0,0,0,0,0,0,-1,0
281112002,home,3429,0,'0-0,'0-0,'0-0,0,0,0,0,0,0,0,0,-1,0
281112002,home,2367,14,'0-4,'0-0,'2-2,1,0,1,0,0,0,0,0,-14,2
281112002,home,348,17,'2-10,'1-7,'0-0,0,0,0,1,1,0,0,0,-6,5
281114002,visit,1975,33,'8-19,'2-2,'0-0,3,10,13,3,1,0,2,3,+4,18
281114002,visit,515,37,'8-16,'0-1,'0-0,1,3,4,1,2,1,4,3,-6,16
281114002,visit,1713,35,'7-10,'0-0,'0-2,2,5,7,0,5,0,0,3,+6,14
281114002,visit,63,33,'6-12,'0-3,'6-6,0,2,2,7,1,1,3,5,+0,18
281114002,visit,2008,13,'1-3,'0-0,'0-0,1,1,2,1,2,0,1,1,+0,2
281114002,visit,1135,0,'0-0,'0-0,'0-0,0,0,0,0,0,0,0,0,-1,0
281114002,visit,2770,19,'4-7,'1-3,'1-1,2,1,3,0,1,1,0,1,+16,10
281114002,visit,2986,23,'2-3,'0-0,'0-0,2,5,7,1,1,1,3,3,+16,4
281114002,visit,1002,0,'0-0,'0-0,'0-0,0,0,0,0,0,0,0,0,-1,0
281114002,visit,2996,0,'0-0,'0-0,'0-0,0,0,0,0,0,0,0,0,+0,0
281114002,visit,137,29,'0-4,'0-1,'2-2,1,2,3,6,1,0,4,1,+12,2
281114002,visit,26,0,'0-0,'0-0,'0-0,0,0,0,0,0,0,0,0,+0,0
281114002,visit,2444,18,'3-6,'2-4,'2-2,0,2,2,1,1,0,1,1,+1,10
281114002,visit,3467,0,'0-0,'0-0,'0-0,0,0,0,0,0,0,0,0,+0,0
281114002,home,261,36,'7-14,'0-0,'2-2,3,6,9,2,0,2,4,1,+4,16
281114002,home,662,41,'4-12,'2-6,'9-10,1,6,7,4,3,1,4,2,-15,19
281114002,home,2018,33,'3-4,'0-0,'0-0,4,5,9,2,1,1,3,0,+11,6
281114002,home,3026,30,'1-8,'0-1,'0-0,0,0,0,7,7,0,1,3,+6,2
281114002,home,9,41,'9-16,'5-10,'3-3,1,5,6,4,2,1,3,3,+3,26
281114002,home,1021,0,'0-0,'0-0,'0-0,0,0,0,0,0,0,0,0,+0,0
281114002,home,3200,16,'0-2,'0-1,'0-0,0,0,0,1,0,0,0,2,-16,0
281114002,home,3023,10,'0-3,'0-0,'1-2,3,1,4,0,0,1,2,1,-16,1
281114002,home,3464,0,'0-0,'0-0,'0-0,0,0,0,0,0,0,0,0,-1,0
281114002,home,3019,1,'0-0,'0-0,'1-2,0,1,1,0,0,0,0,0,+1,1
281114002,home,3227,1,'0-0,'0-0,'0-0,0,0,0,0,0,0,0,0,+1,0
281114002,home,138,0,'0-0,'0-0,'0-0,0,0,0,0,0,0,0,0,-1,0
281114002,home,3429,0,'0-0,'0-0,'0-0,0,0,0,0,0,0,0,0,-1,0
281114002,home,2367,14,'0-3,'0-0,'1-2,0,0,0,0,0,0,0,2,-7,1
281114002,home,348,19,'5-11,'3-7,'0-0,0,1,1,2,0,0,0,2,-17,13
281115015,visit,261,39,'6-15,'0-0,'3-4,2,5,7,3,2,4,5,6,+4,15
281115015,visit,662,41,'5-9,'4-4,'14-15,1,6,7,6,1,1,3,3,+6,28
281115015,visit,2018,29,'1-3,'0-0,'0-0,0,4,4,1,0,3,2,6,+1,2
281115015,visit,3026,36,'0-1,'0-0,'2-2,0,5,5,6,2,1,2,3,-2,2
281115015,visit,9,40,'8-16,'2-7,'9-9,2,2,4,1,0,0,1,1,+8,27
281115015,visit,1021,13,'2-2,'1-1,'0-0,0,0,0,1,0,0,1,3,+3,5
281115015,visit,3200,18,'2-5,'0-0,'1-1,1,2,3,2,2,0,2,6,+0,5
281115015,visit,3023,19,'2-2,'0-0,'2-4,1,4,5,1,0,0,3,5,+1,6
281115015,visit,3464,0,'0-0,'0-0,'0-0,0,0,0,0,0,0,0,0,-1,0
281115015,visit,3019,0,'0-0,'0-0,'0-0,0,0,0,0,0,0,0,0,+0,0
281115015,visit,3227,0,'0-0,'0-0,'0-0,0,0,0,0,0,0,0,0,+0,0
281115015,visit,138,0,'0-0,'0-0,'0-0,0,0,0,0,0,0,0,0,-1,0
281115015,visit,2367,10,'1-2,'0-0,'0-0,0,0,0,0,0,0,0,0,+3,2
281115015,visit,348,20,'4-12,'1-6,'1-1,0,2,2,1,0,0,0,1,+1,10
281115015,home,3451,40,'4-16,'0-0,'6-7,5,4,9,0,3,0,0,2,+1,14
281115015,home,1006,36,'4-14,'0-1,'6-10,1,1,2,3,1,1,3,5,-2,14
281115015,home,2747,42,'8-14,'0-0,'4-6,4,5,9,1,0,1,3,2,+2,20
281115015,home,1985,48,'5-7,'3-4,'6-7,0,4,4,4,1,0,5,6,-1,19
281115015,home,1034,16,'1-6,'1-3,'2-2,0,2,2,1,0,0,0,0,+1,5
281115015,home,2792,0,'0-0,'0-0,'0-0,0,0,0,0,0,0,0,0,-1,0
281115015,home,10,3,'0-0,'0-0,'0-0,0,0,0,0,0,0,0,1,-2,0
281115015,home,167,0,'0-0,'0-0,'0-0,0,0,0,0,0,0,0,0,+0,0
281115015,home,3411,20,'2-3,'1-1,'0-0,1,3,4,1,0,1,0,3,-7,5
281115015,home,1710,11,'1-5,'0-0,'2-2,2,2,4,0,0,1,0,4,-7,4
281115015,home,234,11,'1-3,'0-0,'0-0,3,2,5,1,0,0,0,1,-6,2
281115015,home,3231,38,'5-17,'0-3,'4-4,2,2,4,6,0,0,2,4,-4,14
281115015,home,406,0,'0-0,'0-0,'0-0,0,0,0,0,0,0,0,0,-1,0
281115015,home,489,0,'0-0,'0-0,'0-0,0,0,0,0,0,0,0,0,+0,0
281115015,home,692,0,'0-0,'0-0,'0-0,0,0,0,0,0,0,0,0,-1,0
281118002,visit,1017,36,'5-15,'0-2,'8-9,1,7,8,1,0,1,1,3,+0,18
281118002,visit,703,30,'3-10,'2-8,'5-5,0,5,5,2,2,0,0,3,-1,13
281118002,visit,3194,39,'11-23,'1-6,'0-1,2,5,7,1,1,1,2,4,-5,23
281118002,visit,2377,40,'5-9,'3-5,'2-2,0,2,2,5,2,0,2,0,-16,15
281118002,visit,165,25,'1-4,'1-4,'0-0,0,0,0,3,0,0,2,2,+0,3
281118002,visit,1717,0,'0-0,'0-0,'0-0,0,0,0,0,0,0,0,0,-1,0
281118002,visit,2772,21,'5-8,'0-0,'0-1,2,5,7,2,0,0,3,3,+6,10
281118002,visit,739,8,'0-2,'0-0,'1-2,0,3,3,0,0,0,1,2,-1,1
281118002,visit,3428,0,'0-0,'0-0,'0-0,0,0,0,0,0,0,0,0,+0,0
281118002,visit,990,0,'0-0,'0-0,'0-0,0,0,0,0,0,0,0,0,-1,0
281118002,visit,383,0,'0-0,'0-0,'0-0,0,0,0,0,0,0,0,0,+0,0
281118002,visit,2782,31,'5-9,'2-5,'2-2,0,3,3,4,0,0,0,2,-4,14
281118002,visit,2997,11,'2-5,'0-0,'0-0,1,0,1,2,1,0,1,1,+0,4
281118002,visit,509,0,'0-0,'0-0,'0-0,0,0,0,0,0,0,0,0,-1,0
281118002,visit,2817,0,'0-0,'0-0,'0-0,0,0,0,0,0,0,0,0,+0,0
281118002,home,1021,21,'3-5,'2-3,'0-0,1,2,3,1,0,1,0,4,+9,8
281118002,home,662,35,'5-13,'2-4,'10-13,0,8,8,2,1,0,3,1,-2,22
281118002,home,2018,27,'7-9,'0-0,'2-6,4,4,8,3,0,3,4,3,+2,16
281118002,home,3026,28,'7-11,'0-0,'1-2,1,7,8,7,2,0,2,2,+1,15
281118002,home,9,42,'5-14,'0-3,'5-5,1,0,1,4,1,0,2,0,+12,15
281118002,home,3200,19,'3-6,'0-0,'0-0,0,4,4,0,0,0,0,5,+5,6
281118002,home,3023,28,'6-9,'0-0,'2-2,2,5,7,1,0,1,0,1,-2,14
281118002,home,261,0,'0-0,'0-0,'0-0,0,0,0,0,0,0,0,0,+0,0
281118002,home,3464,0,'0-0,'0-0,'0-0,0,0,0,0,0,0,0,0,-1,0
281118002,home,3019,0,'0-0,'0-0,'0-0,0,0,0,0,0,0,0,0,+0,0
281118002,home,3227,0,'0-0,'0-0,'0-0,0,0,0,0,0,0,0,0,+0,0
281118002,home,138,0,'0-0,'0-0,'0-0,0,0,0,0,0,0,0,0,-1,0
281118002,home,3429,0,'0-0,'0-0,'0-0,0,0,0,0,0,0,0,0,-1,0
281118002,home,2367,18,'3-6,'0-0,'0-1,0,1,1,1,1,3,2,2,+10,6
281118002,home,348,21,'3-6,'1-3,'1-1,0,5,5,3,2,0,0,2,+10,8
281120002,visit,883,27,'4-9,'3-4,'2-2,1,5,6,1,1,1,1,5,-28,13
281120002,visit,1724,33,'2-9,'0-0,'0-0,0,7,7,3,0,0,1,1,-17,4
281120002,visit,981,21,'2-2,'0-0,'2-4,1,6,7,1,0,0,1,3,+2,6
281120002,visit,294,32,'4-9,'0-1,'4-5,1,0,1,3,0,0,3,2,-8,12
281120002,visit,366,35,'5-13,'1-3,'5-5,1,0,1,4,2,0,4,0,-9,16
281120002,visit,2769,8,'3-3,'0-0,'0-0,1,1,2,0,0,2,0,2,+7,6
281120002,visit,2775,29,'5-9,'0-0,'0-2,3,3,6,0,1,1,0,4,-18,10
281120002,visit,3058,7,'2-2,'1-1,'0-0,0,2,2,0,1,0,0,0,+7,5
281120002,visit,3458,0,'0-0,'0-0,'0-0,0,0,0,0,0,0,0,0,-1,0
281120002,visit,2816,12,'1-5,'0-0,'4-6,1,0,1,2,1,0,1,1,+2,6
281120002,visit,3235,15,'0-2,'0-1,'0-0,0,1,1,2,0,0,5,3,-22,0
281120002,visit,3187,18,'0-2,'0-2,'0-0,0,3,3,1,0,0,0,0,-8,0
281120002,visit,2802,3,'1-3,'0-1,'0-0,0,0,0,0,1,0,0,0,+2,2
281120002,home,261,25,'6-10,'0-0,'3-4,2,2,4,2,3,0,0,0,+16,15
281120002,home,662,28,'2-9,'1-3,'4-4,1,3,4,3,1,0,1,2,+12,9
281120002,home,2018,26,'1-2,'0-0,'0-0,1,9,10,1,0,0,1,2,+10,2
281120002,home,3026,26,'7-11,'1-1,'3-4,0,1,1,8,3,0,2,4,+10,18
281120002,home,9,24,'3-7,'1-3,'5-6,0,1,1,2,0,0,2,2,+6,12
281120002,home,1021,11,'1-3,'1-2,'0-0,0,1,1,1,0,0,0,0,-3,3
281120002,home,3200,20,'1-6,'0-0,'0-0,1,3,4,2,0,1,0,4,-1,2
281120002,home,3023,18,'2-4,'0-0,'3-7,3,4,7,0,0,1,1,0,+20,7
281120002,home,3464,0,'0-0,'0-0,'0-0,0,0,0,0,0,0,0,0,-1,0
281120002,home,3019,6,'2-3,'0-0,'0-0,1,0,1,0,0,0,1,0,-9,4
281120002,home,3227,12,'1-4,'0-1,'0-0,0,2,2,1,0,0,2,2,-2,2
281120002,home,138,0,'0-0,'0-0,'0-0,0,0,0,0,0,0,0,0,-1,0
281120002,home,3429,0,'0-0,'0-0,'0-0,0,0,0,0,0,0,0,0,-1,0
281120002,home,2367,28,'6-7,'0-0,'1-2,2,4,6,1,3,2,2,1,+14,13
281120002,home,348,15,'4-7,'3-4,'0-1,0,1,1,1,1,0,0,1,+17,11
281121016,visit,261,29,'8-12,'0-0,'1-2,0,4,4,2,1,1,2,0,+24,17
281121016,visit,662,32,'4-8,'0-1,'4-4,1,10,11,4,2,0,3,2,+21,12
281121016,visit,2018,17,'2-3,'0-0,'2-2,0,3,3,1,0,1,2,6,+5,6
281121016,visit,3026,31,'5-13,'2-3,'1-2,0,7,7,5,3,0,1,1,+25,13
281121016,visit,9,32,'5-10,'0-3,'1-2,0,2,2,6,0,0,1,1,+19,11
281121016,visit,1021,14,'2-3,'1-1,'0-0,0,1,1,0,0,0,0,0,-8,5
281121016,visit,3200,22,'0-3,'0-0,'0-0,0,2,2,0,1,0,0,5,-8,0
281121016,visit,3023,19,'4-6,'0-0,'2-4,5,6,11,0,0,0,3,5,+14,10
281121016,visit,3019,4,'0-1,'0-0,'0-0,0,0,0,0,0,1,0,3,-2,0
281121016,visit,3227,4,'1-2,'0-0,'3-4,0,0,0,0,0,0,1,0,-2,5
281121016,visit,138,0,'0-0,'0-0,'0-0,0,0,0,0,0,0,0,0,-1,0
281121016,visit,3429,0,'0-0,'0-0,'0-0,0,0,0,0,0,0,0,0,-1,0
281121016,visit,2367,21,'5-9,'1-2,'3-4,0,2,2,1,0,2,2,1,+3,14
281121016,visit,348,13,'1-5,'0-3,'0-0,0,2,2,1,1,0,1,0,-6,2
281121016,home,2757,28,'3-11,'1-4,'0-0,1,5,6,0,2,0,3,1,-22,7
281121016,home,987,12,'0-2,'0-0,'0-0,2,0,2,2,0,0,0,4,-10,0
281121016,home,2389,32,'7-19,'0-0,'7-7,1,3,4,1,0,1,1,4,-21,21
281121016,home,558,31,'1-4,'0-1,'6-6,0,5,5,2,0,0,0,1,-15,8
281121016,home,3003,29,'2-12,'0-3,'0-0,0,2,2,1,1,0,2,4,-11,4
281121016,home,3031,21,'2-5,'0-0,'3-4,4,3,7,4,0,0,0,1,-6,7
281121016,home,3449,26,'3-10,'0-3,'3-4,2,3,5,0,2,0,2,3,-1,9
281121016,home,130,4,'1-2,'1-1,'2-2,0,1,1,1,0,0,0,0,+4,5
281121016,home,496,2,'0-0,'0-0,'0-0,0,0,0,0,0,0,0,0,+4,0
281121016,home,3191,14,'1-4,'0-0,'0-1,0,4,4,0,0,1,1,2,+2,2
281121016,home,77,0,'0-0,'0-0,'0-0,0,0,0,0,0,0,0,0,-1,0
281121016,home,2417,28,'6-10,'1-2,'0-0,2,0,2,3,2,0,4,2,-16,13
281121016,home,620,0,'0-0,'0-0,'0-0,0,0,0,0,0,0,0,0,-1,0
281121016,home,2777,0,'0-0,'0-0,'0-0,0,0,0,0,0,0,0,0,-1,0
281121016,home,2995,12,'0-4,'0-1,'2-3,0,3,3,0,3,1,0,0,+7,2
281123028,visit,261,29,'7-10,'1-1,'0-0,1,5,6,5,1,1,0,3,+27,15
281123028,visit,662,24,'3-6,'1-2,'4-6,1,3,4,2,3,0,4,5,+9,11
281123028,visit,2018,26,'6-8,'0-0,'0-2,2,6,8,2,0,1,2,3,+19,12
281123028,visit,3026,26,'6-11,'0-0,'3-4,0,2,2,4,2,0,3,1,+18,15
281123028,visit,9,31,'8-12,'5-7,'0-0,0,3,3,3,0,0,1,1,+28,21
281123028,visit,1021,14,'1-1,'1-1,'0-0,0,0,0,1,0,1,0,2,-5,3
281123028,visit,3200,25,'2-3,'0-0,'3-3,2,3,5,0,0,0,2,4,-6,7
281123028,visit,3023,16,'3-4,'0-0,'2-6,2,1,3,0,0,0,2,4,-10,8
281123028,visit,3019,0,'0-0,'0-0,'0-0,0,0,0,0,0,0,0,0,+0,0
281123028,visit,3227,4,'0-3,'0-1,'0-0,0,0,0,0,0,0,0,0,+1,0
281123028,visit,138,0,'0-0,'0-0,'0-0,0,0,0,0,0,0,0,0,-1,0
281123028,visit,3429,0,'0-0,'0-0,'0-0,0,0,0,0,0,0,0,0,-1,0
281123028,visit,2367,22,'5-7,'0-0,'5-7,0,6,6,2,1,0,2,3,-3,15
281123028,visit,348,23,'4-8,'2-5,'1-2,1,0,1,2,1,1,2,2,-3,11
281123028,home,1977,42,'7-14,'1-1,'9-10,3,3,6,0,0,1,1,2,-13,24
281123028,home,615,14,'3-5,'0-0,'0-0,1,1,2,1,0,0,0,1,-13,6
281123028,home,2987,32,'3-9,'2-4,'6-6,0,7,7,3,1,1,1,3,-12,14
281123028,home,2806,39,'3-9,'0-3,'8-8,0,5,5,9,0,0,3,3,-15,14
281123028,home,635,31,'5-12,'4-5,'0-0,0,1,1,0,2,0,2,3,-25,14
281123028,home,2433,18,'3-7,'0-0,'5-6,3,2,5,0,1,0,0,2,-8,11
281123028,home,3249,20,'3-6,'0-1,'3-4,1,1,2,0,2,1,0,4,-10,9
281123028,home,2981,4,'0-0,'0-0,'0-0,0,1,1,1,0,0,1,2,+0,0
281123028,home,2759,7,'1-2,'0-0,'2-2,0,2,2,0,0,0,1,3,+4,4
281123028,home,3441,0,'0-0,'0-0,'0-0,0,0,0,0,0,0,0,0,-1,0
281123028,home,1023,2,'0-0,'0-0,'0-0,0,0,0,0,0,0,0,0,-2,0
281123028,home,2790,20,'3-6,'0-1,'1-1,0,0,0,4,2,0,5,0,+9,7
281123028,home,2010,12,'0-0,'0-0,'0-0,0,0,0,1,1,0,1,2,+11,0
281126002,visit,3242,13,'1-4,'0-0,'0-0,2,2,4,1,0,0,1,2,-10,2
281126002,visit,378,45,'11-18,'3-4,'5-7,2,3,5,6,3,1,2,2,-6,30
281126002,visit,497,37,'12-20,'2-6,'6-8,0,4,4,1,1,0,4,4,-7,32
281126002,visit,2427,42,'4-9,'0-0,'0-2,1,8,9,4,1,2,0,4,+0,8
281126002,visit,165,37,'5-17,'2-8,'6-6,1,5,6,6,0,0,4,3,-17,18
281126002,visit,3455,1,'0-0,'0-0,'0-0,0,0,0,0,0,0,0,2,-2,0
281126002,visit,3837,3,'1-1,'0-0,'2-2,0,1,1,0,0,0,0,2,+2,4
281126002,visit,2821,23,'0-3,'0-1,'5-6,0,2,2,1,0,0,0,1,-7,5
281126002,visit,2789,22,'1-3,'0-0,'0-0,1,1,2,1,1,5,0,4,+3,2
281126002,visit,3277,16,'4-4,'0-0,'2-2,0,1,1,1,0,0,0,0,+4,10
281126002,visit,3039,0,'0-0,'0-0,'0-0,0,0,0,0,0,0,0,0,-1,0
281126002,visit,3474,0,'0-0,'0-0,'0-0,0,0,0,0,0,0,0,0,+0,0
281126002,visit,3838,0,'0-0,'0-0,'0-0,0,0,0,0,0,0,0,0,-1,0
281126002,visit,3190,0,'0-0,'0-0,'0-0,0,0,0,0,0,0,0,0,+0,0
281126002,visit,3435,0,'0-0,'0-0,'0-0,0,0,0,0,0,0,0,0,-1,0
281126002,home,261,38,'9-23,'0-0,'3-3,3,10,13,3,0,4,1,3,+13,21
281126002,home,662,40,'6-14,'0-4,'9-9,0,6,6,5,1,0,5,4,+15,21
281126002,home,2018,29,'3-6,'0-0,'3-4,2,6,8,3,0,2,2,2,+6,9
281126002,home,3026,35,'9-15,'0-1,'4-4,4,4,8,7,2,0,0,2,+18,22
281126002,home,9,39,'10-17,'5-7,'0-0,0,3,3,3,0,0,1,4,+9,25
281126002,home,1021,7,'0-1,'0-1,'0-0,0,0,0,0,0,0,0,1,+0,0
281126002,home,3200,13,'1-1,'0-0,'7-7,1,2,3,0,0,1,0,2,-7,9
281126002,home,3023,6,'0-2,'0-0,'3-4,2,1,3,0,0,0,2,1,-5,3
281126002,home,3019,0,'0-0,'0-0,'0-0,0,0,0,0,0,0,0,0,+0,0
281126002,home,3227,0,'0-0,'0-0,'0-0,0,0,0,0,0,0,0,0,+0,0
281126002,home,138,0,'0-0,'0-0,'0-0,0,0,0,0,0,0,0,0,-1,0
281126002,home,3429,0,'0-0,'0-0,'0-0,0,0,0,0,0,0,0,0,-1,0
281126002,home,2367,21,'3-7,'0-0,'3-5,1,0,1,0,1,0,0,3,+1,9
281126002,home,348,13,'0-1,'0-1,'0-0,0,2,2,0,0,0,0,2,-10,0
281128002,visit,91,32,'8-14,'0-0,'2-2,2,6,8,0,0,0,0,2,-15,18
281128002,visit,3244,22,'2-9,'0-1,'0-0,0,1,1,1,0,1,1,0,-8,4
281128002,visit,2386,34,'4-8,'0-1,'1-4,2,4,6,2,2,1,4,3,-24,9
281128002,visit,991,24,'0-2,'0-0,'0-2,0,4,4,0,0,0,1,1,-11,0
281128002,visit,557,28,'6-12,'0-1,'0-0,2,3,5,3,1,0,5,2,-11,12
281128002,visit,3460,15,'5-11,'0-0,'2-4,4,2,6,0,0,0,1,4,-9,12
281128002,visit,3232,0,'0-0,'0-0,'0-0,0,0,0,0,0,0,0,0,-1,0
281128002,visit,512,0,'0-0,'0-0,'0-0,0,0,0,0,0,0,0,0,-1,0
281128002,visit,1828,14,'0-0,'0-0,'1-2,2,5,7,1,0,1,1,2,+3,1
281128002,visit,687,10,'0-2,'0-0,'0-0,0,1,1,0,0,0,1,3,-16,0
281128002,visit,2387,12,'1-5,'1-3,'2-2,0,0,0,2,0,0,0,2,+2,5
281128002,visit,2799,20,'5-7,'1-2,'4-5,0,1,1,6,3,0,0,0,-13,15
281128002,visit,1725,6,'0-1,'0-1,'0-0,0,0,0,0,0,0,0,0,-2,0
281128002,visit,2004,24,'1-6,'0-0,'0-0,2,3,5,0,0,0,1,1,-16,2
281128002,home,261,28,'6-12,'0-0,'4-4,0,2,2,2,1,1,0,1,+18,16
281128002,home,662,27,'1-6,'0-3,'4-5,0,2,2,2,0,0,2,2,+11,6
281128002,home,2018,28,'4-6,'0-0,'0-0,1,6,7,0,0,4,3,2,+18,8
281128002,home,3026,28,'3-5,'0-0,'0-0,0,6,6,12,3,0,1,0,+18,6
281128002,home,9,31,'10-15,'3-5,'0-0,0,2,2,3,2,0,0,0,+24,23
281128002,home,1021,13,'1-3,'1-2,'1-2,0,1,1,1,0,0,0,0,+0,4
281128002,home,3200,15,'4-6,'0-0,'1-2,1,4,5,1,1,0,0,1,+7,9
281128002,home,3023,20,'3-6,'0-0,'4-5,1,3,4,1,0,1,1,3,+6,10
281128002,home,3019,5,'1-3,'0-0,'0-0,0,2,2,0,0,0,1,1,-1,2
281128002,home,3227,0,'0-0,'0-0,'0-0,0,0,0,0,0,0,0,0,-1,0
281128002,home,138,0,'0-0,'0-0,'0-0,0,0,0,0,0,0,0,0,+0,0
281128002,home,3429,0,'0-0,'0-0,'0-0,0,0,0,0,0,0,0,0,-1,0
281128002,home,2367,26,'3-8,'0-0,'4-4,2,3,5,4,1,0,1,2,+13,10
281128002,home,348,20,'3-6,'2-4,'0-0,1,2,3,4,1,0,1,2,+6,8
281129030,visit,261,37,'4-12,'0-0,'2-2,1,6,7,2,1,3,3,1,+6,10
281129030,visit,662,38,'6-14,'0-3,'7-9,0,2,2,1,0,1,1,3,-3,19
281129030,visit,2018,31,'7-14,'0-0,'1-1,5,7,12,1,1,2,1,5,+2,15
281129030,visit,3026,32,'2-2,'0-0,'0-2,2,2,4,9,2,0,2,5,+0,4
281129030,visit,9,37,'5-11,'1-7,'4-5,1,3,4,1,2,0,2,0,+10,15
281129030,visit,3200,11,'1-2,'0-0,'0-0,1,1,2,0,0,0,0,3,-1,2
281129030,visit,1021,2,'0-0,'0-0,'0-0,0,0,0,0,0,0,1,1,+0,0
281129030,visit,3023,17,'0-3,'0-0,'3-4,0,1,1,0,2,0,0,1,+4,3
281129030,visit,3019,0,'0-0,'0-0,'0-0,0,0,0,0,0,0,0,0,+0,0
281129030,visit,3227,0,'0-0,'0-0,'0-0,0,0,0,0,0,0,0,0,-1,0
281129030,visit,138,0,'0-0,'0-0,'0-0,0,0,0,0,0,0,0,0,+0,0
281129030,visit,2367,19,'4-7,'0-0,'3-3,0,0,0,3,3,1,3,0,+2,11
281129030,visit,348,16,'3-8,'1-4,'3-3,0,1,1,0,2,0,0,1,+5,10
281129030,home,1026,43,'10-16,'0-2,'3-7,2,6,8,3,1,2,2,2,+2,23
281129030,home,2399,32,'3-3,'0-0,'3-4,1,6,7,0,1,1,2,2,-8,9
281129030,home,2776,18,'3-5,'0-0,'0-0,2,2,4,1,0,1,2,2,-3,6
281129030,home,2753,41,'2-15,'0-3,'0-0,1,6,7,6,2,0,6,2,-2,4
281129030,home,1018,30,'7-13,'3-6,'5-6,1,5,6,2,0,0,2,4,+0,22
281129030,home,2819,13,'0-0,'0-0,'1-2,0,1,1,0,0,0,1,2,+0,1
281129030,home,3016,10,'1-1,'0-0,'0-0,0,1,1,1,0,0,1,2,+5,2
281129030,home,3201,4,'0-0,'0-0,'0-0,0,0,0,0,0,0,0,0,+0,0
281129030,home,568,11,'1-2,'0-0,'0-0,1,0,1,0,0,0,2,1,-1,2
281129030,home,3008,0,'0-0,'0-0,'0-0,0,0,0,0,0,0,0,0,-1,0
281129030,home,3410,4,'0-1,'0-0,'2-2,0,0,0,0,0,0,0,2,-3,2
281129030,home,2992,0,'0-0,'0-0,'0-0,0,0,0,0,0,0,0,0,-1,0
281129030,home,3415,31,'5-10,'2-2,'1-1,0,0,0,5,1,0,1,3,-4,13
281129030,home,2211,2,'0-1,'0-0,'0-0,0,1,1,0,0,0,2,1,-7,0
281201002,visit,469,43,'11-23,'2-8,'6-8,1,4,5,0,0,0,2,3,-14,30
281201002,visit,862,41,'7-16,'1-6,'4-7,3,4,7,4,1,0,2,5,-26,19
281201002,visit,3024,31,'2-5,'2-5,'0-0,0,3,3,3,1,0,1,2,-14,6
281201002,visit,2384,43,'5-12,'0-0,'4-6,6,9,15,2,0,4,3,1,-17,14
281201002,visit,396,30,'2-11,'0-3,'0-0,3,0,3,4,2,0,1,4,-18,4
281201002,visit,1998,0,'0-0,'0-0,'0-0,0,0,0,0,0,0,0,0,+0,0
281201002,visit,2173,0,'0-0,'0-0,'0-0,0,0,0,0,0,0,0,0,-1,0
281201002,visit,2758,0,'0-0,'0-0,'0-0,0,0,0,0,0,0,0,0,+0,0
281201002,visit,45,25,'4-5,'0-0,'1-4,3,4,7,0,0,0,0,0,+3,9
281201002,visit,254,0,'0-0,'0-0,'0-0,0,0,0,0,0,0,0,0,+0,0
281201002,visit,2439,0,'0-0,'0-0,'0-0,0,0,0,0,0,0,0,0,+0,0
281201002,visit,1913,0,'0-0,'0-0,'0-0,0,0,0,0,0,0,0,0,-1,0
281201002,visit,3160,0,'0-0,'0-0,'0-0,0,0,0,0,0,0,0,0,+0,0
281201002,visit,3445,27,'3-9,'0-4,'0-0,0,0,0,1,2,1,2,1,-9,6
281201002,visit,1995,0,'0-0,'0-0,'0-0,0,0,0,0,0,0,0,0,-1,0
281201002,home,261,35,'7-11,'0-0,'1-2,1,8,9,1,1,0,0,1,+20,15
281201002,home,662,33,'7-13,'1-3,'9-10,0,7,7,2,1,0,1,4,+20,24
281201002,home,2018,29,'4-7,'0-0,'0-0,3,10,13,0,1,1,2,5,+15,8
281201002,home,3026,34,'6-10,'0-1,'4-4,0,4,4,12,1,0,3,2,+20,16
281201002,home,9,40,'8-13,'3-6,'2-2,1,0,1,2,1,0,1,0,+25,21
281201002,home,3200,21,'1-5,'0-0,'2-2,2,2,4,1,0,0,1,2,+0,4
281201002,home,1021,3,'0-1,'0-0,'0-0,0,0,0,0,0,0,0,0,-8,0
281201002,home,3023,12,'1-2,'0-0,'0-1,1,0,1,0,0,0,0,3,+3,2
281201002,home,3019,0,'0-0,'0-0,'0-0,0,0,0,0,0,0,0,0,+0,0
281201002,home,3227,0,'0-0,'0-0,'0-0,0,0,0,0,0,0,0,0,-1,0
281201002,home,138,0,'0-0,'0-0,'0-0,0,0,0,0,0,0,0,0,+0,0
281201002,home,2367,19,'2-7,'0-0,'2-2,1,0,1,2,1,0,2,2,+1,6
281201002,home,348,15,'4-5,'2-3,'1-1,0,3,3,0,1,0,1,1,-1,11
281203002,visit,1013,27,'4-12,'0-6,'2-3,2,8,10,2,0,0,1,3,-18,10
281203002,visit,2760,33,'7-15,'4-6,'2-2,0,1,1,5,1,1,2,2,-12,20
281203002,visit,598,15,'4-5,'0-0,'0-0,1,1,2,1,1,0,1,4,-8,8
281203002,visit,1979,27,'5-11,'1-4,'4-4,1,2,3,8,0,0,2,2,-18,15
281203002,visit,2200,34,'7-18,'0-1,'0-1,2,2,4,0,1,0,1,3,-2,14
281203002,visit,3220,2,'0-1,'0-0,'0-0,0,0,0,0,0,0,0,0,-1,0
281203002,visit,250,18,'4-6,'0-0,'1-1,1,2,3,0,2,0,0,0,-7,9
281203002,visit,2832,5,'1-1,'0-0,'0-0,0,0,0,0,0,0,0,0,+2,2
281203002,visit,44,0,'0-0,'0-0,'0-0,0,0,0,0,0,0,0,0,-1,0
281203002,visit,3436,24,'3-6,'0-0,'0-2,0,3,3,1,0,0,1,5,-2,6
281203002,visit,2768,26,'3-5,'1-1,'0-0,0,1,1,4,1,0,0,4,-2,7
281203002,visit,2749,5,'0-3,'0-2,'0-0,0,2,2,2,0,0,1,0,+2,0
281203002,visit,1024,0,'0-0,'0-0,'0-0,0,0,0,0,0,0,0,0,-1,0
281203002,visit,3457,24,'2-8,'1-2,'0-0,2,0,2,1,0,0,1,0,-24,5
281203002,visit,1708,0,'0-0,'0-0,'0-0,0,0,0,0,0,0,0,0,-1,0
281203002,home,261,32,'11-14,'0-0,'4-5,2,12,14,3,1,4,0,0,+37,26
281203002,home,662,40,'5-17,'1-6,'5-7,2,3,5,1,0,1,3,2,+15,16
281203002,home,2018,29,'5-6,'0-0,'6-8,5,5,10,1,0,0,1,2,+12,16
281203002,home,3026,41,'5-10,'0-1,'6-7,2,11,13,17,3,0,4,4,+30,16
281203002,home,9,39,'11-18,'6-9,'3-3,0,0,0,4,1,0,1,0,+24,31
281203002,home,3200,14,'0-3,'0-0,'2-2,0,1,1,0,0,0,0,1,-11,2
281203002,home,1021,15,'1-4,'1-4,'0-0,0,0,0,0,0,0,1,1,-4,3
281203002,home,3023,9,'1-3,'0-0,'0-0,3,2,5,0,0,0,1,1,-9,2
281203002,home,3019,4,'1-1,'0-0,'0-0,0,3,3,0,0,0,1,2,-1,2
281203002,home,3227,2,'0-0,'0-0,'0-0,0,0,0,0,0,0,0,0,+1,0
281203002,home,138,0,'0-0,'0-0,'0-0,0,0,0,0,0,0,0,0,+0,0
281203002,home,2367,0,'0-0,'0-0,'0-0,0,0,0,0,0,0,0,0,-1,0
281203002,home,348,16,'0-4,'0-2,'0-0,0,3,3,1,1,0,0,5,-4,0
281205002,visit,2983,34,'6-13,'0-1,'1-2,0,3,3,0,1,0,2,1,-17,13
281205002,visit,3225,18,'2-5,'0-0,'1-2,1,5,6,0,1,1,1,6,-3,5
281205002,visit,1994,18,'1-3,'0-1,'0-0,1,2,3,4,0,0,3,2,-9,2
281205002,visit,3027,28,'3-11,'0-1,'6-8,1,1,2,3,2,0,0,3,-18,12
281205002,visit,3416,16,'1-2,'1-2,'0-0,0,0,0,0,0,0,1,1,-12,3
281205002,visit,2750,4,'0-0,'0-0,'2-2,0,0,0,0,0,1,0,1,-4,2
281205002,visit,2754,14,'1-5,'1-1,'0-0,0,0,0,0,1,0,1,2,+2,3
281205002,visit,2810,0,'0-0,'0-0,'0-0,0,0,0,0,0,0,0,0,-1,0
281205002,visit,2015,26,'5-10,'0-0,'3-3,1,2,3,1,0,1,0,4,-2,13
281205002,visit,2795,0,'0-0,'0-0,'0-0,0,0,0,0,0,0,0,0,-1,0
281205002,visit,454,0,'0-0,'0-0,'0-0,0,0,0,0,0,0,0,0,-1,0
281205002,visit,682,26,'3-4,'0-0,'1-2,3,5,8,0,0,3,1,2,-8,7
281205002,visit,3417,8,'2-2,'0-0,'3-4,0,0,0,1,0,0,2,2,+0,7
281205002,visit,3025,20,'3-6,'0-1,'1-1,0,2,2,2,1,0,0,0,+2,7
281205002,visit,3204,28,'2-7,'0-4,'0-0,2,2,4,0,0,0,3,1,-6,4
281205002,home,261,31,'7-14,'0-1,'0-0,2,9,11,4,0,0,1,1,+26,14
281205002,home,662,37,'4-12,'0-1,'5-6,0,0,0,4,1,0,4,2,+14,13
281205002,home,2018,32,'2-4,'0-0,'8-12,7,5,12,2,0,0,5,4,+24,12
281205002,home,3026,33,'6-8,'1-1,'3-4,1,7,8,7,2,0,2,1,+27,16
281205002,home,9,37,'7-16,'2-8,'3-3,1,1,2,1,0,0,1,4,+19,19
281205002,home,3200,11,'0-2,'0-0,'0-0,2,0,2,0,0,1,0,0,-7,0
281205002,home,1021,17,'0-1,'0-1,'0-0,1,1,2,0,0,0,1,3,-4,0
281205002,home,3023,18,'6-10,'0-0,'2-3,3,1,4,1,1,0,3,4,-11,14
281205002,home,3019,4,'1-2,'0-0,'0-0,0,0,0,0,0,0,0,2,-4,2
281205002,home,3227,4,'0-0,'0-0,'0-0,0,0,0,0,0,0,0,0,-1,0
281205002,home,138,0,'0-0,'0-0,'0-0,0,0,0,0,0,0,0,0,+0,0
281205002,home,2367,0,'0-0,'0-0,'0-0,0,0,0,0,0,0,0,0,-1,0
281205002,home,348,16,'1-4,'0-1,'1-1,0,2,2,3,0,0,0,0,-8,3
281207011,visit,261,42,'6-11,'0-0,'5-6,1,19,20,4,5,1,1,2,+14,17
281207011,visit,662,44,'4-12,'2-5,'7-8,0,3,3,8,2,0,3,4,+0,17
281207011,visit,2018,38,'3-8,'0-0,'5-10,2,5,7,0,1,1,3,5,+9,11
281207011,visit,3026,36,'3-6,'0-0,'1-2,1,5,6,7,4,0,6,4,+3,7
281207011,visit,9,41,'13-21,'7-12,'2-2,0,2,2,2,0,0,0,5,+11,35
281207011,visit,3200,12,'0-1,'0-0,'0-0,2,0,2,1,1,0,0,0,-4,0
281207011,visit,1021,3,'1-2,'1-1,'0-0,0,0,0,0,0,0,0,1,+4,3
281207011,visit,3023,11,'2-5,'0-0,'1-1,1,0,1,1,0,1,1,2,-7,5
281207011,visit,3019,0,'0-0,'0-0,'0-0,0,0,0,0,0,0,0,0,+0,0
281207011,visit,3227,0,'0-0,'0-0,'0-0,0,0,0,0,0,0,0,0,+0,0
281207011,visit,138,0,'0-0,'0-0,'0-0,0,0,0,0,0,0,0,0,-1,0
281207011,visit,2367,20,'5-10,'0-2,'2-2,0,1,1,0,0,0,1,4,-7,12
281207011,visit,348,18,'5-8,'3-5,'2-2,1,1,2,2,0,0,0,0,+2,15
281207011,home,1013,40,'6-9,'2-4,'1-2,0,6,6,1,1,0,0,5,-14,15
281207011,home,2760,43,'7-22,'2-9,'4-5,0,3,3,6,3,2,4,4,-9,20
281207011,home,598,26,'6-9,'0-0,'2-3,0,4,4,3,0,1,2,6,-2,14
281207011,home,1979,22,'2-5,'1-2,'4-4,1,3,4,3,0,0,3,1,+0,9
281207011,home,2200,50,'11-16,'1-3,'3-4,1,6,7,4,0,1,4,4,-7,26
281207011,home,3220,10,'1-4,'0-1,'0-0,1,1,2,0,0,1,0,3,+5,2
281207011,home,250,25,'1-2,'0-0,'0-0,2,5,7,1,1,0,2,3,+3,2
281207011,home,2832,14,'3-4,'0-1,'2-2,0,3,3,0,1,0,2,0,+6,8
281207011,home,44,0,'0-0,'0-0,'0-0,0,0,0,0,0,0,0,0,+0,0
281207011,home,3436,3,'1-1,'0-0,'2-2,0,0,0,0,0,1,0,0,-1,4
281207011,home,2768,33,'4-11,'0-3,'9-10,0,3,3,5,1,1,1,1,-6,17
281207011,home,2749,0,'0-0,'0-0,'0-0,0,0,0,0,0,0,0,0,-1,0
281207011,home,1024,0,'0-0,'0-0,'0-0,0,0,0,0,0,0,0,0,-1,0
281207011,home,3457,0,'0-0,'0-0,'0-0,0,0,0,0,0,0,0,0,+0,0
281207011,home,1708,0,'0-0,'0-0,'0-0,0,0,0,0,0,0,0,0,-1,0
281211027,visit,261,27,'5-11,'0-0,'1-1,3,9,12,7,2,1,5,1,+5,11
281211027,visit,662,35,'5-12,'0-2,'12-12,2,4,6,8,2,1,3,2,+21,22
281211027,visit,2018,25,'5-8,'0-0,'2-4,1,2,3,1,0,1,2,2,+6,12
281211027,visit,3026,24,'4-7,'0-0,'3-4,0,2,2,6,3,0,0,3,+3,11
281211027,visit,9,31,'8-13,'4-7,'2-3,1,0,1,1,1,0,1,1,+9,22
281211027,visit,3200,25,'4-5,'0-0,'1-2,2,5,7,0,0,0,1,4,+32,9
281211027,visit,1021,8,'0-1,'0-0,'0-0,0,0,0,0,0,0,0,2,+10,0
281211027,visit,3023,13,'2-4,'0-0,'3-4,1,4,5,1,0,0,1,1,+16,7
281211027,visit,3019,6,'1-1,'0-0,'0-0,1,0,1,2,1,0,1,1,+9,2
281211027,visit,3227,6,'1-2,'0-1,'0-0,0,0,0,1,0,0,0,0,+9,2
281211027,visit,138,0,'0-0,'0-0,'0-0,0,0,0,0,0,0,0,0,-1,0
281211027,visit,2367,21,'4-7,'0-0,'2-3,1,2,3,1,5,0,2,5,+28,10
281211027,visit,348,18,'5-8,'4-5,'0-0,0,1,1,3,1,0,2,3,+22,14
281211027,home,385,33,'7-16,'2-5,'1-1,2,3,5,2,1,1,0,5,-21,17
281211027,home,1705,37,'6-12,'0-2,'7-7,0,3,3,4,1,1,2,2,-16,19
281211027,home,3452,26,'4-6,'0-0,'3-6,3,3,6,0,0,3,2,4,-22,11
281211027,home,1707,34,'6-12,'1-4,'4-4,0,2,2,7,4,1,4,4,-18,17
281211027,home,808,22,'0-4,'0-3,'0-0,0,1,1,2,0,0,4,2,+0,0
281211027,home,1784,19,'4-7,'0-0,'1-1,0,1,1,0,0,0,1,3,-15,9
281211027,home,3246,12,'2-3,'1-1,'0-0,1,1,2,0,0,0,2,2,-19,5
281211027,home,851,7,'0-0,'0-0,'1-2,0,0,0,0,0,1,0,3,-6,1
281211027,home,1000,0,'0-0,'0-0,'0-0,0,0,0,0,0,0,0,0,-1,0
281211027,home,2746,16,'2-2,'0-0,'0-0,0,3,3,0,1,2,3,2,-8,4
281211027,home,3020,0,'0-0,'0-0,'0-0,0,0,0,0,0,0,0,0,-1,0
281211027,home,974,0,'0-0,'0-0,'0-0,0,0,0,0,0,0,0,0,-1,0
281211027,home,1051,11,'0-6,'0-2,'1-2,0,1,1,1,1,0,0,1,-9,1
281211027,home,3197,6,'0-0,'0-0,'0-0,0,0,0,0,0,0,4,0,+0,0
281211027,home,3243,18,'0-4,'0-1,'4-4,0,2,2,0,0,0,0,0,-29,4
281212002,visit,2177,43,'8-21,'0-1,'7-9,4,10,14,1,0,3,0,1,-4,23
281212002,visit,2984,25,'3-9,'0-0,'2-4,2,2,4,0,1,0,2,5,-3,8
281212002,visit,813,30,'1-6,'0-2,'0-0,0,1,1,1,3,0,1,2,+1,2
281212002,visit,1767,29,'2-7,'1-3,'0-1,1,1,2,0,0,1,0,4,-19,5
281212002,visit,2779,42,'5-16,'0-3,'10-10,2,4,6,14,3,0,3,5,-7,20
281212002,visit,511,9,'2-4,'0-0,'0-0,2,4,6,0,0,0,1,2,-1,4
281212002,visit,3241,2,'0-0,'0-0,'1-2,0,0,0,0,0,0,1,1,-2,1
281212002,visit,84,0,'0-0,'0-0,'0-0,0,0,0,0,0,0,0,0,-1,0
281212002,visit,671,28,'2-8,'1-4,'2-3,2,5,7,0,1,0,0,5,-9,7
281212002,visit,984,0,'0-0,'0-0,'0-0,0,0,0,0,0,0,0,0,-1,0
281212002,visit,1709,11,'2-3,'0-0,'0-0,0,2,2,0,0,0,1,2,-10,4
281212002,visit,183,0,'0-0,'0-0,'0-0,0,0,0,0,0,0,0,0,+0,0
281212002,visit,1858,17,'3-4,'0-1,'2-4,0,0,0,1,2,0,1,3,-4,8
281212002,visit,656,5,'0-1,'0-0,'0-0,0,0,0,0,0,0,0,0,-2,0
281212002,home,261,34,'8-10,'0-0,'3-4,1,9,10,0,0,1,3,5,+7,19
281212002,home,662,43,'9-17,'2-5,'8-11,0,6,6,6,2,0,2,4,+11,28
281212002,home,2018,31,'4-8,'0-0,'1-4,6,7,13,1,0,3,2,4,+4,9
281212002,home,3026,32,'4-12,'0-1,'2-2,2,4,6,2,1,0,2,4,+5,10
281212002,home,9,36,'2-8,'1-5,'4-5,0,4,4,3,0,0,3,1,+6,9
281212002,home,3200,16,'0-2,'0-0,'1-4,1,2,3,1,1,0,0,2,+6,1
281212002,home,1021,0,'0-0,'0-0,'0-0,0,0,0,0,0,0,0,0,+0,0
281212002,home,3023,14,'2-3,'0-0,'2-2,2,0,2,0,0,1,2,4,+3,6
281212002,home,3019,0,'0-0,'0-0,'0-0,0,0,0,0,0,0,0,0,+0,0
281212002,home,3227,0,'0-0,'0-0,'0-0,0,0,0,0,0,0,0,0,+0,0
281212002,home,138,0,'0-0,'0-0,'0-0,0,0,0,0,0,0,0,0,-1,0
281212002,home,2367,17,'1-4,'0-0,'1-3,0,3,3,1,0,0,1,4,+9,3
281212002,home,348,17,'3-6,'3-5,'0-0,0,1,1,0,0,0,1,0,+9,9
281215002,visit,3015,40,'13-20,'0-0,'6-9,2,8,10,2,2,2,3,6,-12,32
281215002,visit,2778,16,'2-6,'1-2,'0-0,0,0,0,0,1,0,3,2,-19,5
281215002,visit,2991,30,'4-10,'0-1,'0-0,0,1,1,3,0,1,1,2,-16,8
281215002,visit,1014,39,'5-13,'1-4,'2-3,1,5,6,4,1,0,1,5,-12,13
281215002,visit,2798,32,'6-10,'1-2,'2-2,1,2,3,7,2,0,4,6,-15,15
281215002,visit,1703,0,'0-0,'0-0,'0-0,0,0,0,0,0,0,0,0,-1,0
281215002,visit,306,10,'0-3,'0-0,'2-2,1,3,4,0,1,1,0,3,+1,2
281215002,visit,434,31,'4-6,'0-0,'4-8,1,2,3,1,0,2,2,3,+8,12
281215002,visit,3205,0,'0-0,'0-0,'0-0,0,0,0,0,0,0,0,0,-1,0
281215002,visit,3444,0,'0-0,'0-0,'0-0,0,0,0,0,0,0,0,0,+2,0
281215002,visit,988,0,'0-0,'0-0,'0-0,0,0,0,0,0,0,0,0,-1,0
281215002,visit,2807,17,'0-3,'0-2,'0-0,0,2,2,1,1,0,0,1,+7,0
281215002,visit,440,16,'0-1,'0-0,'3-4,1,0,1,5,3,0,1,1,+6,3
281215002,visit,3188,0,'0-0,'0-0,'0-0,0,0,0,0,0,0,0,0,+0,0
281215002,visit,2011,8,'0-2,'0-2,'1-1,0,0,0,0,0,0,3,1,+5,1
281215002,home,261,38,'8-13,'0-0,'3-3,1,9,10,4,3,2,3,1,+8,19
281215002,home,662,43,'5-13,'0-0,'5-6,2,3,5,3,0,0,3,3,+14,15
281215002,home,2018,35,'6-8,'0-0,'3-4,4,10,14,2,0,0,4,5,+7,15
281215002,home,3026,39,'7-14,'0-0,'11-15,3,6,9,8,3,0,6,3,+8,25
281215002,home,9,37,'4-9,'1-3,'3-3,0,3,3,0,0,1,2,0,+10,12
281215002,home,3200,14,'1-3,'0-0,'2-2,2,3,5,0,0,0,2,2,+5,4
281215002,home,1021,3,'0-0,'0-0,'0-0,0,1,1,1,0,0,1,1,-5,0
281215002,home,3023,10,'0-1,'0-0,'1-2,0,1,1,1,0,0,0,5,-3,1
281215002,home,3019,0,'0-0,'0-0,'0-0,0,0,0,0,0,0,0,0,+0,0
281215002,home,3227,9,'2-3,'2-3,'2-2,0,0,0,0,1,0,0,2,+2,8
281215002,home,138,0,'0-0,'0-0,'0-0,0,0,0,0,0,0,0,0,+0,0
281215002,home,2367,14,'0-3,'0-0,'1-4,0,2,2,1,2,0,2,1,-1,1
281215002,home,348,0,'0-0,'0-0,'0-0,0,0,0,0,0,0,0,0,-1,0
281217001,visit,261,37,'7-15,'0-0,'4-5,2,6,8,3,1,2,1,3,+14,18
281217001,visit,662,40,'7-17,'0-1,'4-5,2,5,7,0,1,0,3,1,+11,18
281217001,visit,2018,36,'3-6,'0-0,'2-3,1,9,10,1,0,4,1,5,-1,8
281217001,visit,3026,37,'7-12,'0-1,'1-2,2,4,6,7,4,0,3,2,+9,15
281217001,visit,9,43,'5-15,'1-8,'5-5,2,3,5,2,1,0,2,3,+4,16
281217001,visit,3200,14,'1-2,'0-0,'0-0,0,1,1,0,1,0,0,2,-6,2
281217001,visit,1021,0,'0-0,'0-0,'0-0,0,0,0,0,0,0,0,0,+0,0
281217001,visit,3023,10,'1-2,'0-0,'2-2,2,3,5,1,0,1,1,2,-3,4
281217001,visit,3019,0,'0-0,'0-0,'0-0,0,0,0,0,0,0,0,0,+0,0
281217001,visit,3227,0,'0-0,'0-0,'0-0,0,0,0,0,0,0,0,0,+0,0
281217001,visit,138,0,'0-0,'0-0,'0-0,0,0,0,0,0,0,0,0,-1,0
281217001,visit,2367,13,'2-5,'0-1,'0-0,1,1,2,0,1,0,2,1,-9,4
281217001,visit,348,12,'1-3,'1-2,'0-0,0,1,1,0,0,0,0,3,-4,3
281217001,home,2411,41,'4-13,'1-2,'5-7,1,6,7,4,1,1,3,5,-10,14
281217001,home,2797,39,'6-12,'0-2,'4-7,4,4,8,3,1,2,2,2,+0,16
281217001,home,3213,41,'3-10,'0-0,'2-2,4,7,11,4,0,2,2,3,-1,8
281217001,home,61,38,'5-16,'2-8,'2-2,0,5,5,2,0,0,3,1,-4,14
281217001,home,1007,40,'6-16,'1-7,'7-8,2,3,5,4,3,0,0,3,+2,20
281217001,home,3010,0,'0-0,'0-0,'0-0,0,0,0,0,0,0,0,0,+0,0
281217001,home,3475,0,'0-0,'0-0,'0-0,0,0,0,0,0,0,0,0,-1,0
281217001,home,3179,0,'0-0,'0-0,'0-0,0,0,0,0,0,0,0,0,+0,0
281217001,home,2016,14,'2-4,'0-0,'0-1,2,1,3,0,0,1,2,4,+5,4
281217001,home,150,0,'0-0,'0-0,'0-0,0,0,0,0,0,0,0,0,-1,0
281217001,home,3219,0,'0-0,'0-0,'0-0,0,0,0,0,0,0,0,0,+0,0
281217001,home,3263,0,'0-0,'0-0,'0-0,0,0,0,0,0,0,0,0,-1,0
281217001,home,3278,0,'0-0,'0-0,'0-0,0,0,0,0,0,0,0,0,+0,0
281217001,home,1031,15,'1-4,'1-2,'0-0,2,0,2,0,0,0,1,2,-7,3
281217001,home,1777,12,'2-4,'2-3,'0-0,0,0,0,1,1,0,1,0,+0,6
281219002,visit,1711,6,'1-3,'0-0,'0-0,0,0,0,0,0,0,0,1,-11,2
281219002,visit,2429,38,'8-15,'1-1,'2-2,4,3,7,2,3,1,1,3,-28,19
281219002,visit,3207,22,'2-5,'0-0,'0-0,2,6,8,3,0,0,4,6,-16,4
281219002,visit,3456,23,'5-10,'2-3,'2-2,0,0,0,5,0,0,3,1,-26,14
281219002,visit,2381,25,'4-9,'1-4,'1-1,0,0,0,1,0,0,5,1,-12,10
281219002,visit,3032,0,'0-0,'0-0,'0-0,0,0,0,0,0,0,0,0,+0,0
281219002,visit,741,0,'0-0,'0-0,'0-0,0,0,0,0,0,0,0,0,-1,0
281219002,visit,2456,33,'5-10,'4-6,'2-2,2,4,6,3,0,0,2,2,-4,16
281219002,visit,3028,22,'4-7,'0-0,'0-0,1,2,3,4,1,2,1,1,+8,8
281219002,visit,3030,12,'3-6,'0-0,'2-5,0,1,1,1,0,2,0,1,-2,8
281219002,visit,3224,27,'5-6,'0-0,'0-0,4,1,5,3,1,0,0,5,+1,10
281219002,visit,1981,0,'0-0,'0-0,'0-0,0,0,0,0,0,0,0,0,-1,0
281219002,visit,356,20,'3-7,'1-3,'2-2,0,0,0,1,0,0,3,2,+2,9
281219002,visit,359,11,'3-7,'2-5,'0-0,1,0,1,0,0,0,1,1,-2,8
281219002,home,261,26,'7-11,'0-0,'3-3,0,1,1,4,4,2,0,4,+21,17
281219002,home,662,29,'6-9,'1-2,'3-3,0,4,4,6,2,0,1,2,+20,16
281219002,home,2018,30,'12-15,'0-0,'1-3,4,4,8,1,1,1,2,0,+25,25
281219002,home,3026,30,'2-3,'0-0,'0-0,4,1,5,15,4,0,1,3,+25,4
281219002,home,9,33,'10-18,'5-9,'2-2,0,3,3,5,0,0,1,0,+30,27
281219002,home,3200,13,'1-2,'0-0,'2-2,1,0,1,1,0,0,1,4,-13,4
281219002,home,1021,9,'2-4,'1-3,'0-0,1,3,4,0,0,1,1,1,+10,5
281219002,home,3023,15,'2-3,'0-0,'2-2,2,1,3,1,0,0,0,3,-7,6
281219002,home,3019,3,'0-0,'0-0,'0-0,0,1,1,0,0,0,0,0,+0,0
281219002,home,3227,14,'1-3,'1-3,'0-0,1,1,2,1,1,0,0,0,-9,3
281219002,home,138,0,'0-0,'0-0,'0-0,0,0,0,0,0,0,0,0,-1,0
281219002,home,2367,21,'4-6,'1-2,'1-2,0,0,0,4,2,0,4,2,-5,10
281219002,home,348,18,'3-10,'3-5,'0-0,0,3,3,2,0,0,2,0,-7,9
281221002,visit,2772,43,'8-13,'0-0,'1-1,0,8,8,4,4,0,1,5,-25,17
281221002,visit,308,34,'2-15,'2-10,'4-8,1,3,4,1,2,1,2,4,-2,10
281221002,visit,703,37,'10-19,'5-9,'4-5,1,3,4,4,0,0,0,4,-10,29
281221002,visit,3194,24,'1-7,'0-1,'0-0,0,1,1,2,0,0,0,1,-22,2
281221002,visit,2377,48,'6-9,'2-4,'6-7,1,1,2,10,1,0,6,1,-19,20
281221002,visit,739,0,'0-0,'0-0,'0-0,0,0,0,0,0,0,0,0,+0,0
281221002,visit,847,16,'2-8,'0-3,'0-0,0,0,0,2,1,0,1,3,-15,4
281221002,visit,1717,0,'0-0,'0-0,'0-0,0,0,0,0,0,0,0,0,+0,0
281221002,visit,3428,0,'0-0,'0-0,'0-0,0,0,0,0,0,0,0,0,+0,0
281221002,visit,383,0,'0-0,'0-0,'0-0,0,0,0,0,0,0,0,0,+0,0
281221002,visit,990,0,'0-0,'0-0,'0-0,0,0,0,0,0,0,0,0,-1,0
281221002,visit,509,0,'0-0,'0-0,'0-0,0,0,0,0,0,0,0,0,-1,0
281221002,visit,2782,38,'7-12,'4-6,'5-5,1,3,4,3,1,0,2,5,-2,23
281221002,visit,2817,0,'0-0,'0-0,'0-0,0,0,0,0,0,0,0,0,+0,0
281221002,home,261,34,'5-8,'0-0,'2-2,0,6,6,8,1,0,4,2,+15,12
281221002,home,662,25,'5-11,'3-6,'4-4,0,2,2,5,0,0,3,4,+2,17
281221002,home,2018,29,'6-7,'0-0,'0-0,2,10,12,2,0,4,5,3,+21,12
281221002,home,3026,32,'12-14,'0-0,'2-5,1,5,6,5,2,0,1,0,+12,26
281221002,home,9,36,'7-12,'2-5,'2-2,1,2,3,4,3,0,0,2,+32,18
281221002,home,3200,0,'0-0,'0-0,'0-0,0,0,0,0,0,0,0,0,-1,0
281221002,home,1021,14,'3-4,'1-2,'0-0,0,1,1,0,0,0,0,6,-4,7
281221002,home,3023,17,'4-8,'0-0,'2-5,4,1,5,1,0,2,2,1,+4,10
281221002,home,3019,2,'1-1,'0-0,'0-0,0,2,2,0,0,0,2,1,+2,2
281221002,home,3227,5,'0-1,'0-1,'0-0,1,1,2,0,0,0,0,0,-2,0
281221002,home,138,0,'0-0,'0-0,'0-0,0,0,0,0,0,0,0,0,+0,0
281221002,home,2367,28,'4-5,'1-1,'2-6,0,2,2,5,0,0,4,1,+12,11
281221002,home,348,18,'3-5,'3-5,'0-0,0,6,6,3,0,0,1,2,+1,9
281223002,visit,3244,31,'2-8,'0-2,'3-4,2,4,6,1,0,0,3,4,-5,7
281223002,visit,2386,35,'7-17,'0-5,'0-2,0,2,2,4,3,1,4,3,-5,14
281223002,visit,991,32,'4-5,'0-0,'0-0,0,13,13,1,1,3,2,4,-16,8
281223002,visit,557,38,'6-15,'0-1,'2-2,2,3,5,8,0,0,3,4,-21,14
281223002,visit,1725,19,'2-5,'0-2,'0-0,0,0,0,1,0,0,1,1,-13,4
281223002,visit,3460,31,'7-11,'0-0,'2-3,2,4,6,2,0,3,1,4,-12,16
281223002,visit,3232,0,'0-0,'0-0,'0-0,0,0,0,0,0,0,0,0,-1,0
281223002,visit,91,0,'0-0,'0-0,'0-0,0,0,0,0,0,0,0,0,-1,0
281223002,visit,512,0,'0-0,'0-0,'0-0,0,0,0,0,0,0,0,0,+0,0
281223002,visit,1828,16,'5-7,'0-0,'2-6,2,3,5,0,3,0,1,4,-3,12
281223002,visit,687,0,'0-0,'0-0,'0-0,0,0,0,0,0,0,0,0,+0,0
281223002,visit,2387,5,'0-0,'0-0,'0-0,0,0,0,0,1,0,0,0,-5,0
281223002,visit,2799,32,'4-9,'0-1,'8-10,0,1,1,8,0,0,5,4,-15,16
281223002,visit,2004,0,'0-0,'0-0,'0-0,0,0,0,0,0,0,0,0,+0,0
281223002,home,261,30,'7-13,'0-0,'4-4,1,3,4,2,0,2,1,1,+13,18
281223002,home,662,31,'4-11,'1-2,'1-1,0,2,2,7,1,0,4,2,+9,10
281223002,home,2018,30,'3-8,'0-0,'2-3,4,7,11,1,2,0,3,3,+13,8
281223002,home,3026,29,'7-12,'0-0,'4-4,2,2,4,4,2,0,2,3,+8,18
281223002,home,9,35,'5-8,'2-3,'4-4,2,4,6,4,1,0,1,2,+25,16
281223002,home,3200,0,'0-0,'0-0,'0-0,0,0,0,0,0,0,0,0,-1,0
281223002,home,1021,18,'0-2,'0-1,'1-2,0,1,1,3,1,0,0,3,+6,1
281223002,home,3023,16,'3-5,'0-0,'9-10,3,3,6,1,2,3,0,4,+4,15
281223002,home,3019,3,'1-2,'0-0,'1-2,0,0,0,0,0,0,0,0,+2,3
281223002,home,3227,10,'1-2,'1-2,'1-2,1,1,2,2,0,0,0,2,-3,4
281223002,home,138,0,'0-0,'0-0,'0-0,0,0,0,0,0,0,0,0,+0,0
281223002,home,2367,20,'2-7,'0-0,'0-0,0,2,2,1,0,0,3,2,+7,4
281223002,home,348,19,'4-11,'3-6,'2-2,0,2,2,2,1,0,1,4,+11,13
281225013,visit,261,37,'11-14,'0-1,'0-0,0,9,9,2,1,1,0,2,-3,22
281225013,visit,662,38,'7-13,'2-4,'4-4,2,8,10,3,1,0,5,4,-6,20
281225013,visit,2018,34,'4-5,'0-0,'0-0,2,5,7,0,0,2,2,3,-1,8
281225013,visit,3026,34,'3-11,'0-1,'0-0,1,2,3,12,1,0,2,5,-3,6
281225013,visit,9,42,'5-14,'3-11,'1-2,0,1,1,3,1,0,3,4,-2,14
281225013,visit,3200,13,'2-6,'0-0,'0-0,1,3,4,1,1,0,0,2,-6,4
281225013,visit,1021,0,'0-0,'0-0,'0-0,0,0,0,0,1,0,0,0,+0,0
281225013,visit,3023,10,'0-0,'0-0,'1-2,0,3,3,0,0,0,0,1,-6,1
281225013,visit,3019,0,'0-0,'0-0,'0-0,0,0,0,0,0,0,0,0,+0,0
281225013,visit,3227,0,'0-0,'0-0,'0-0,0,0,0,0,0,0,0,0,+0,0
281225013,visit,138,0,'0-0,'0-0,'0-0,0,0,0,0,0,0,0,0,-1,0
281225013,visit,2367,16,'3-9,'0-2,'0-0,1,1,2,0,1,0,3,3,-11,6
281225013,visit,348,14,'1-5,'0-3,'0-0,0,1,1,1,1,0,2,1,-7,2
281225013,home,110,43,'13-23,'1-3,'0-0,2,7,9,5,1,0,4,2,+2,27
281225013,home,2027,28,'3-6,'2-3,'0-0,3,1,4,5,1,2,0,3,-2,8
281225013,home,996,36,'7-14,'0-0,'6-6,1,2,3,5,1,3,3,0,+1,20
281225013,home,2748,36,'4-7,'0-0,'1-2,1,6,7,0,0,2,1,2,+0,9
281225013,home,246,35,'2-10,'2-6,'0-2,0,2,2,7,0,0,0,4,+10,6
281225013,home,2197,0,'0-0,'0-0,'0-0,0,0,0,0,0,0,0,0,+0,0
281225013,home,617,24,'3-6,'2-3,'2-2,0,7,7,2,2,2,2,3,+17,10
281225013,home,1016,1,'0-0,'0-0,'0-0,0,0,0,0,0,0,0,0,+0,0
281225013,home,2426,18,'1-3,'0-0,'0-0,0,1,1,3,1,0,1,1,+9,2
281225013,home,2450,0,'0-0,'0-0,'0-0,0,0,0,0,0,0,0,0,+0,0
281225013,home,549,0,'0-0,'0-0,'0-0,0,0,0,0,0,0,0,0,+0,0
281225013,home,3002,0,'0-0,'0-0,'0-0,0,0,0,0,0,0,0,0,-1,0
281225013,home,3245,0,'0-0,'0-0,'0-0,0,0,0,0,0,0,0,0,-1,0
281225013,home,2421,19,'3-9,'1-5,'3-3,0,2,2,0,0,0,0,3,+8,10
281226009,visit,261,38,'5-14,'0-1,'4-5,1,3,4,2,1,3,3,3,-1,14
281226009,visit,3023,25,'5-11,'0-0,'2-4,1,6,7,0,1,2,3,4,+3,12
281226009,visit,662,42,'7-11,'2-2,'5-7,0,2,2,5,2,1,3,5,-10,21
281226009,visit,3026,35,'5-11,'0-0,'1-2,6,4,10,9,3,0,7,3,-6,11
281226009,visit,9,29,'3-6,'1-1,'0-0,1,1,2,0,1,0,4,6,-4,7
281226009,visit,3200,19,'3-4,'0-0,'2-4,3,2,5,1,1,0,0,2,-1,8
281226009,visit,1021,4,'0-0,'0-0,'0-0,0,1,1,0,0,0,0,1,-6,0
281226009,visit,2018,0,'0-0,'0-0,'0-0,0,0,0,0,0,0,0,0,-1,0
281226009,visit,3019,0,'0-0,'0-0,'0-0,0,0,0,0,0,0,0,0,+0,0
281226009,visit,3227,0,'0-0,'0-0,'0-0,0,0,0,0,0,0,0,0,+0,0
281226009,visit,138,0,'0-0,'0-0,'0-0,0,0,0,0,0,0,0,0,+0,0
281226009,visit,2367,24,'2-3,'0-0,'2-2,0,5,5,1,1,0,2,4,-6,6
281226009,visit,348,22,'3-10,'3-8,'1-1,0,3,3,0,1,0,1,3,-19,10
281226009,home,3242,20,'4-9,'0-0,'0-0,2,2,4,3,0,2,1,2,-2,8
281226009,home,378,46,'9-17,'3-8,'7-7,1,6,7,4,2,1,6,3,+10,28
281226009,home,2427,26,'3-5,'0-0,'1-4,3,4,7,0,2,0,2,5,-1,7
281226009,home,3277,28,'3-6,'1-3,'1-2,0,2,2,3,0,0,2,3,+0,8
281226009,home,3190,43,'7-17,'4-11,'4-4,0,1,1,4,2,0,5,3,+12,22
281226009,home,497,0,'0-0,'0-0,'0-0,0,0,0,0,0,0,0,0,-1,0
281226009,home,3455,5,'0-2,'0-0,'0-0,1,0,1,1,0,0,0,0,-5,0
281226009,home,3837,0,'0-0,'0-0,'0-0,0,0,0,0,0,0,0,0,+0,0
281226009,home,2821,31,'4-8,'2-4,'0-0,1,4,5,2,1,2,1,1,+19,10
281226009,home,2789,30,'2-4,'0-0,'10-10,3,5,8,2,1,2,4,4,+10,14
281226009,home,3039,0,'0-0,'0-0,'0-0,0,0,0,0,0,0,0,0,+0,0
281226009,home,165,0,'0-0,'0-0,'0-0,0,0,0,0,0,0,0,0,-1,0
281226009,home,3474,10,'1-4,'0-1,'0-0,0,0,0,1,0,0,0,1,+7,2
281226009,home,3838,0,'0-0,'0-0,'0-0,0,0,0,0,0,0,0,0,+0,0
281226009,home,2751,0,'0-0,'0-0,'0-0,0,0,0,0,0,0,0,0,-1,0
281228023,visit,261,23,'10-11,'0-0,'1-1,0,11,11,0,1,0,2,3,+25,21
281228023,visit,662,29,'3-11,'1-4,'6-8,1,5,6,3,0,0,1,2,+38,13
281228023,visit,2018,27,'2-4,'0-0,'3-6,1,11,12,2,0,4,3,4,+28,7
281228023,visit,3026,29,'2-5,'0-1,'0-0,0,0,0,6,0,1,2,1,+25,4
281228023,visit,9,30,'7-8,'2-2,'3-3,1,3,4,3,1,0,1,0,+29,19
281228023,visit,3200,15,'1-5,'0-0,'0-0,2,1,3,1,0,0,0,4,+11,2
281228023,visit,1021,10,'0-2,'0-1,'0-0,0,3,3,0,1,0,0,0,+9,0
281228023,visit,3023,14,'4-6,'0-0,'1-1,5,1,6,0,1,0,0,2,+11,9
281228023,visit,3019,7,'2-2,'0-0,'1-1,0,4,4,1,0,3,3,4,+6,5
281228023,visit,3227,12,'2-4,'0-1,'1-2,0,2,2,3,1,0,1,0,+9,5
281228023,visit,138,0,'0-0,'0-0,'0-0,0,0,0,0,0,0,0,0,-1,0
281228023,visit,2367,24,'3-7,'0-0,'2-2,0,0,0,1,4,1,1,2,+14,8
281228023,visit,348,20,'5-14,'3-9,'2-3,1,1,2,3,2,0,0,0,+20,15
281228023,home,1726,28,'2-9,'1-2,'6-8,0,1,1,0,0,0,2,3,-33,11
281228023,home,556,24,'2-6,'0-0,'3-4,0,3,3,1,0,0,2,4,-28,7
281228023,home,575,24,'1-4,'0-0,'3-3,3,5,8,1,0,0,0,4,-31,5
281228023,home,2448,22,'2-6,'0-0,'0-0,1,1,2,3,1,0,1,3,-26,4
281228023,home,2755,16,'1-7,'0-2,'0-0,0,0,0,0,1,0,0,2,-13,2
281228023,home,849,0,'0-0,'0-0,'0-0,0,0,0,0,0,0,0,0,-1,0
281228023,home,3211,22,'2-5,'0-2,'0-0,0,4,4,0,0,2,3,2,-17,4
281228023,home,3462,21,'2-6,'0-0,'5-8,2,4,6,1,1,0,2,2,-14,9
281228023,home,3432,17,'3-8,'1-3,'0-0,0,1,1,0,0,0,3,2,+0,7
281228023,home,3040,6,'0-0,'0-0,'0-0,0,4,4,0,1,0,1,0,+0,0
281228023,home,376,23,'2-6,'0-2,'0-0,0,1,1,1,0,0,3,1,-26,4
281228023,home,3472,26,'1-7,'1-4,'2-2,0,0,0,2,0,0,0,1,-19,5
281228023,home,2394,0,'0-0,'0-0,'0-0,0,0,0,0,0,0,0,0,-1,0
281228023,home,3000,12,'1-4,'1-3,'2-2,0,1,1,1,1,0,1,0,-9,5
281230022,visit,261,37,'7-15,'0-0,'3-4,0,8,8,2,1,0,1,2,+3,17
281230022,visit,662,40,'7-16,'0-1,'14-15,0,5,5,2,2,0,3,0,-2,28
281230022,visit,2018,36,'3-4,'0-1,'1-1,2,4,6,1,0,0,1,3,+2,7
281230022,visit,3026,34,'5-10,'1-3,'2-2,2,4,6,7,3,0,4,1,+2,13
281230022,visit,9,42,'2-11,'2-6,'6-6,0,2,2,0,0,0,0,1,-4,12
281230022,visit,3200,14,'1-4,'0-0,'0-0,1,0,1,0,0,1,1,3,-6,2
281230022,visit,1021,0,'0-0,'0-0,'0-0,0,0,0,0,0,0,0,0,+0,0
281230022,visit,3023,9,'0-0,'0-0,'0-0,0,0,0,0,0,0,0,2,-7,0
281230022,visit,3019,0,'0-0,'0-0,'0-0,0,0,0,0,0,0,0,0,+0,0
281230022,visit,3227,0,'0-0,'0-0,'0-0,0,0,0,0,0,0,0,0,+0,0
281230022,visit,138,0,'0-0,'0-0,'0-0,0,0,0,0,0,0,0,0,-1,0
281230022,visit,2367,14,'1-2,'0-0,'2-2,0,1,1,1,1,0,2,4,-6,4
281230022,visit,348,14,'1-5,'0-3,'1-1,0,0,0,0,0,0,1,4,-7,3
281230022,home,2983,39,'9-22,'0-0,'2-2,4,3,7,2,2,2,1,2,+0,20
281230022,home,3225,36,'5-9,'0-0,'3-5,4,7,11,3,3,0,3,5,+12,13
281230022,home,1994,39,'8-12,'5-7,'0-0,0,3,3,3,0,0,2,3,+7,21
281230022,home,3204,32,'2-7,'1-5,'3-5,1,3,4,2,1,0,2,3,+4,8
281230022,home,3416,17,'0-2,'0-2,'0-0,0,7,7,0,1,2,1,2,-8,0
281230022,home,2750,6,'1-1,'0-0,'2-2,1,0,1,0,0,0,0,2,-2,4
281230022,home,2754,0,'0-0,'0-0,'0-0,0,0,0,0,0,0,0,0,+0,0
281230022,home,2810,0,'0-0,'0-0,'0-0,0,0,0,0,0,0,0,0,+0,0
281230022,home,2015,31,'7-14,'0-1,'3-4,3,1,4,1,0,0,1,4,+13,17
281230022,home,2795,0,'0-0,'0-0,'0-0,0,0,0,0,0,0,0,0,-1,0
281230022,home,454,0,'0-0,'0-0,'0-0,0,0,0,0,0,0,0,0,-1,0
281230022,home,682,15,'1-1,'0-0,'2-3,0,6,6,0,0,0,0,3,-2,4
281230022,home,3417,16,'0-4,'0-0,'2-2,0,1,1,2,1,0,4,2,+1,2
281230022,home,3025,9,'0-1,'0-0,'2-2,0,0,0,1,0,0,1,2,+0,2
281230022,home,3027,0,'0-0,'0-0,'0-0,0,0,0,0,0,0,0,0,-1,0
290102002,visit,385,32,'6-20,'0-3,'2-4,4,5,9,2,2,0,2,2,-22,14
290102002,visit,3246,30,'1-4,'0-0,'2-2,1,2,3,4,1,2,0,2,-23,4
290102002,visit,1705,32,'3-9,'0-2,'2-6,1,3,4,5,4,0,1,1,-33,8
290102002,visit,2746,7,'2-4,'0-0,'0-0,1,1,2,2,0,0,1,1,-9,4
290102002,visit,1051,31,'3-10,'1-3,'2-2,1,2,3,3,1,0,0,2,-26,9
290102002,visit,1784,20,'2-6,'0-0,'0-0,2,2,4,1,1,1,0,2,-9,4
290102002,visit,3452,11,'3-6,'0-0,'0-1,0,0,0,0,1,0,1,1,-9,6
290102002,visit,3020,10,'2-5,'1-3,'1-2,1,2,3,0,0,0,0,5,+1,6
290102002,visit,851,14,'2-3,'0-0,'0-0,0,0,0,1,0,1,1,2,-2,4
290102002,visit,1000,0,'0-0,'0-0,'0-0,0,0,0,0,0,0,0,0,-1,0
290102002,visit,3197,21,'1-2,'0-0,'3-4,1,3,4,4,1,0,2,0,+0,5
290102002,visit,974,0,'0-0,'0-0,'0-0,0,0,0,0,0,0,0,0,-1,0
290102002,visit,3243,17,'4-6,'0-1,'7-7,1,0,1,0,0,0,0,0,+1,15
290102002,visit,1707,14,'2-6,'0-0,'0-0,1,1,2,0,1,0,0,0,+9,4
290102002,visit,808,0,'0-0,'0-0,'0-0,0,0,0,0,0,0,0,0,-1,0
290102002,home,261,25,'5-9,'0-0,'0-0,0,8,8,3,0,1,2,1,+15,10
290102002,home,662,26,'9-10,'5-6,'3-4,0,1,1,1,0,1,3,2,+19,26
290102002,home,2018,27,'4-7,'0-0,'1-1,2,8,10,0,0,3,1,2,+16,9
290102002,home,3026,28,'4-6,'1-1,'1-2,1,2,3,14,1,1,2,1,+24,10
290102002,home,9,31,'4-8,'2-3,'1-1,0,3,3,6,1,1,2,3,+26,11
290102002,home,3200,18,'1-2,'0-0,'0-0,0,1,1,1,3,1,1,4,+8,2
290102002,home,1021,11,'2-5,'1-2,'0-0,1,0,1,0,0,1,1,2,+8,5
290102002,home,3023,15,'2-6,'0-0,'4-6,5,3,8,1,0,0,1,1,+7,8
290102002,home,3019,6,'1-2,'0-0,'2-2,0,3,3,1,0,0,1,3,+1,4
290102002,home,3227,12,'0-4,'0-2,'2-2,1,1,2,0,0,0,0,1,-6,2
290102002,home,138,0,'0-0,'0-0,'0-0,0,0,0,0,0,0,0,0,-1,0
290102002,home,2367,22,'5-7,'0-0,'0-0,1,3,4,3,1,0,2,1,+6,10
290102002,home,348,21,'4-8,'3-6,'0-0,0,3,3,1,0,0,2,1,+1,11
290104018,visit,261,29,'1-6,'0-0,'4-4,1,8,9,2,1,5,3,3,-22,6
290104018,visit,662,42,'10-17,'4-6,'7-7,1,6,7,4,1,0,3,2,-14,31
290104018,visit,2018,29,'3-5,'0-0,'2-2,2,1,3,2,0,1,1,3,-14,8
290104018,visit,3026,26,'1-7,'1-2,'0-0,1,3,4,3,1,0,2,2,-25,3
290104018,visit,9,37,'7-19,'0-9,'2-2,1,3,4,2,2,1,1,3,-20,16
290104018,visit,3200,11,'3-5,'0-0,'0-0,2,0,2,1,0,0,1,0,+6,6
290104018,visit,1021,12,'1-3,'0-2,'2-2,0,3,3,1,0,1,0,2,+6,4
290104018,visit,3023,12,'2-3,'0-0,'1-2,3,3,6,0,1,0,0,2,+7,5
290104018,visit,3019,2,'0-0,'0-0,'0-0,0,0,0,0,0,0,0,0,+2,0
290104018,visit,3227,2,'0-0,'0-0,'0-0,0,0,0,0,1,0,0,0,+2,0
290104018,visit,138,0,'0-0,'0-0,'0-0,0,0,0,0,0,0,0,0,-1,0
290104018,visit,2367,15,'2-9,'0-2,'0-0,0,2,2,1,0,0,2,1,+8,4
290104018,visit,348,23,'2-6,'1-4,'0-0,1,4,5,1,0,0,0,3,+4,5
290104018,home,1717,26,'2-2,'0-0,'3-4,3,3,6,2,0,0,0,5,+11,7
290104018,home,2772,43,'6-12,'0-0,'2-2,3,11,14,2,1,3,2,3,+13,14
290104018,home,703,34,'1-13,'0-5,'0-0,1,5,6,1,0,0,1,4,+4,2
290104018,home,3194,37,'9-19,'2-3,'11-12,2,6,8,2,2,1,0,2,+25,31
290104018,home,2377,44,'4-9,'1-3,'3-3,0,3,3,5,3,0,4,1,+11,12
290104018,home,308,37,'11-23,'5-9,'3-3,2,5,7,2,0,0,3,4,+4,30
290104018,home,739,0,'0-0,'0-0,'0-0,0,0,0,0,0,0,0,0,+0,0
290104018,home,847,0,'0-0,'0-0,'0-0,0,0,0,0,0,0,0,0,+0,0
290104018,home,3428,0,'0-0,'0-0,'0-0,0,0,0,0,0,0,0,0,+0,0
290104018,home,383,0,'0-0,'0-0,'0-0,0,0,0,0,0,0,0,0,+0,0
290104018,home,990,0,'0-0,'0-0,'0-0,0,0,0,0,0,0,0,0,-1,0
290104018,home,509,0,'0-0,'0-0,'0-0,0,0,0,0,0,0,0,0,-1,0
290104018,home,2782,20,'1-4,'1-2,'1-4,1,1,2,4,2,0,0,0,-8,4
290104018,home,2817,0,'0-0,'0-0,'0-0,0,0,0,0,0,0,0,0,+0,0
290106030,visit,261,41,'7-18,'0-1,'0-0,2,11,13,1,1,1,2,5,-13,14
290106030,visit,662,38,'11-19,'1-4,'5-6,0,6,6,2,2,1,3,3,-10,28
290106030,visit,2018,36,'3-7,'0-0,'3-7,8,2,10,0,0,1,1,5,-11,9
290106030,visit,3026,46,'5-11,'0-1,'6-8,1,3,4,6,3,1,9,4,-18,16
290106030,visit,9,49,'7-20,'3-11,'3-3,1,3,4,4,3,0,0,3,-8,20
290106030,visit,3200,18,'0-2,'0-0,'3-4,3,1,4,1,0,1,1,2,-1,3
290106030,visit,1021,4,'0-0,'0-0,'0-0,0,0,0,0,0,0,0,0,-3,0
290106030,visit,3023,10,'2-2,'0-0,'2-2,2,0,2,1,1,0,2,3,+10,6
290106030,visit,3019,0,'0-0,'0-0,'0-0,0,0,0,0,0,0,0,0,+0,0
290106030,visit,3227,6,'1-3,'1-3,'0-0,0,0,0,0,0,0,0,0,+8,3
290106030,visit,138,0,'0-0,'0-0,'0-0,0,0,0,0,0,0,0,0,+0,0
290106030,visit,2367,0,'0-0,'0-0,'0-0,0,0,0,0,0,0,0,0,+0,0
290106030,visit,348,17,'3-6,'1-3,'0-0,0,1,1,1,0,1,0,2,+6,7
290106030,home,1026,41,'7-17,'1-3,'8-8,1,5,6,3,4,0,1,2,+13,23
290106030,home,2167,44,'6-8,'1-3,'2-2,0,5,5,5,1,1,3,1,+0,15
290106030,home,2399,44,'6-12,'0-0,'1-1,5,12,17,0,0,3,1,5,+19,13
290106030,home,2753,47,'9-17,'1-2,'6-8,0,3,3,8,2,1,7,2,+13,25
290106030,home,2211,15,'1-4,'1-1,'1-1,1,3,4,1,1,0,1,3,-1,4
290106030,home,351,9,'0-1,'0-0,'1-2,1,0,1,1,0,0,0,4,-6,1
290106030,home,3016,15,'6-9,'1-2,'0-0,0,1,1,0,0,0,0,1,-11,13
290106030,home,2776,0,'0-0,'0-0,'0-0,0,0,0,0,0,0,0,0,+0,0
290106030,home,3008,0,'0-0,'0-0,'0-0,0,0,0,0,0,0,0,0,-2,0
290106030,home,3410,0,'0-0,'0-0,'0-0,0,0,0,0,0,0,0,0,+0,0
290106030,home,568,8,'0-2,'0-0,'0-0,0,0,0,1,0,0,1,1,-9,0
290106030,home,2992,0,'0-0,'0-0,'0-0,0,0,0,0,0,0,0,0,+0,0
290106030,home,3415,35,'3-8,'2-4,'12-12,0,1,1,5,0,0,2,3,+15,20
290106030,home,3459,5,'0-1,'0-1,'0-0,0,1,1,1,1,0,1,1,-3,0
290106030,home,49,0,'0-0,'0-0,'0-0,0,0,0,0,0,0,0,0,+0,0
290107002,visit,1781,15,'0-4,'0-0,'0-0,1,1,2,0,0,0,0,3,-4,0
290107002,visit,25,30,'7-13,'2-4,'1-2,0,3,3,4,3,0,3,6,+12,17
290107002,visit,1722,36,'10-13,'0-0,'6-9,3,5,8,4,0,2,3,3,+0,26
290107002,visit,11,25,'1-5,'0-1,'0-0,0,1,1,3,1,0,2,0,-16,2
290107002,visit,2793,27,'4-10,'4-6,'0-0,0,4,4,1,0,0,0,1,-11,12
290107002,visit,2834,17,'2-4,'0-0,'0-0,1,7,8,0,0,0,1,2,+4,4
290107002,visit,3217,28,'2-5,'0-0,'2-3,2,4,6,2,0,1,0,3,+8,6
290107002,visit,3421,0,'0-0,'0-0,'0-0,0,0,0,0,0,0,0,0,+0,0
290107002,visit,976,0,'0-0,'0-0,'0-0,0,0,0,0,0,0,0,0,+0,0
290107002,visit,588,0,'0-0,'0-0,'0-0,0,0,0,0,0,0,0,0,+0,0
290107002,visit,2763,0,'0-0,'0-0,'0-0,0,0,0,0,0,0,0,0,+0,0
290107002,visit,3192,37,'8-16,'2-6,'1-1,1,2,3,4,1,0,3,5,+8,19
290107002,visit,42,25,'1-2,'1-2,'0-0,0,1,1,1,0,0,0,2,+19,3
290107002,visit,532,0,'0-0,'0-0,'0-0,0,0,0,0,0,0,0,0,+0,0
290107002,home,261,34,'9-19,'0-0,'0-1,1,7,8,2,1,1,1,1,-6,18
290107002,home,662,38,'7-14,'4-6,'8-8,2,3,5,4,1,0,4,2,-4,26
290107002,home,2018,23,'0-1,'0-0,'0-0,1,2,3,3,0,2,2,5,-7,0
290107002,home,3026,33,'2-4,'0-0,'1-4,0,0,0,5,0,0,1,2,+5,5
290107002,home,9,40,'4-13,'1-4,'4-4,3,2,5,6,2,0,2,2,-2,13
290107002,home,1021,3,'0-0,'0-0,'0-0,0,0,0,0,0,0,0,1,-2,0
290107002,home,3200,23,'4-6,'0-0,'4-4,0,2,2,0,0,0,0,3,+9,12
290107002,home,3023,16,'0-3,'0-0,'2-2,2,5,7,0,0,1,0,2,-4,2
290107002,home,3464,0,'0-0,'0-0,'0-0,0,0,0,0,0,0,0,0,+0,0
290107002,home,3019,0,'0-0,'0-0,'0-0,0,0,0,0,0,0,0,0,+0,0
290107002,home,3227,15,'3-5,'1-2,'0-0,0,1,1,0,0,0,1,1,+0,7
290107002,home,138,0,'0-0,'0-0,'0-0,0,0,0,0,0,0,0,0,+0,0
290107002,home,3429,0,'0-0,'0-0,'0-0,0,0,0,0,0,0,0,0,+0,0
290107002,home,2367,0,'0-0,'0-0,'0-0,0,0,0,0,0,0,0,0,+0,0
290107002,home,348,15,'1-5,'0-3,'0-0,0,1,1,0,1,0,0,0,-9,2
290109005,visit,261,29,'8-15,'0-0,'2-2,5,10,15,3,0,0,0,5,-14,18
290109005,visit,662,38,'4-15,'1-5,'2-2,1,4,5,1,0,0,5,3,-19,11
290109005,visit,2018,26,'6-7,'0-0,'1-2,1,0,1,1,1,0,1,1,-10,13
290109005,visit,3026,36,'1-8,'0-1,'3-6,3,1,4,13,4,0,2,3,-17,5
290109005,visit,9,40,'5-12,'2-6,'0-0,0,3,3,2,1,0,3,0,-18,12
290109005,visit,1021,6,'0-1,'0-1,'0-0,0,1,1,0,0,0,0,1,+8,0
290109005,visit,3200,16,'0-4,'0-0,'2-2,3,0,3,1,1,1,1,1,-10,2
290109005,visit,3023,13,'4-5,'0-0,'0-1,1,2,3,1,0,0,2,3,-4,8
290109005,visit,3464,0,'0-0,'0-0,'0-0,0,0,0,0,0,0,0,0,+4,0
290109005,visit,3019,4,'2-2,'0-0,'0-0,1,1,2,0,0,0,0,2,+4,4
290109005,visit,3227,11,'1-4,'0-1,'0-0,0,3,3,2,0,0,1,0,+6,2
290109005,visit,138,0,'0-0,'0-0,'0-0,0,0,0,0,0,0,0,0,+0,0
290109005,visit,3429,0,'0-0,'0-0,'0-0,0,0,0,0,0,0,0,0,-10,0
290109005,visit,2367,0,'0-0,'0-0,'0-0,0,0,0,0,0,0,0,0,+9,0
290109005,visit,348,19,'2-7,'2-5,'2-2,0,2,2,1,1,1,0,3,-1,8
290109005,home,885,30,'2-2,'0-0,'5-10,1,2,3,1,3,2,0,3,+14,9
290109005,home,1966,36,'13-25,'3-7,'9-9,1,6,7,6,4,3,3,2,+20,38
290109005,home,2419,35,'5-10,'0-0,'4-7,2,7,9,0,0,0,1,2,+9,14
290109005,home,2178,32,'5-9,'0-2,'3-3,0,2,2,1,2,1,4,1,+13,13
290109005,home,2422,42,'3-8,'2-2,'0-0,0,1,1,2,2,0,1,1,+22,8
290109005,home,3440,0,'0-0,'0-0,'0-0,0,0,0,0,0,0,0,0,+0,0
290109005,home,959,0,'0-0,'0-0,'0-0,0,0,0,0,0,0,0,0,-14,0
290109005,home,3437,20,'1-3,'0-0,'1-2,0,2,2,0,1,0,0,3,-4,3
290109005,home,362,0,'0-0,'0-0,'0-0,0,0,0,0,0,0,0,0,-14,0
290109005,home,796,0,'0-0,'0-0,'0-0,0,0,0,0,0,0,0,0,+8,0
290109005,home,2172,4,'0-0,'0-0,'0-0,0,0,0,1,0,0,0,0,-1,0
290109005,home,3006,26,'3-4,'2-3,'2-2,0,2,2,3,1,1,2,2,+5,10
290109005,home,3045,1,'0-0,'0-0,'0-0,0,1,1,0,0,0,0,0,-2,0
290109005,home,831,15,'1-4,'1-2,'0-0,0,3,3,1,1,0,0,2,-3,3
290111028,visit,261,39,'3-16,'0-1,'4-6,2,9,11,2,0,0,1,2,+9,10
290111028,visit,1021,25,'3-5,'1-2,'0-0,0,2,2,0,1,1,1,6,+15,7
290111028,visit,662,41,'5-11,'1-4,'0-0,0,6,6,6,0,2,1,2,-4,11
290111028,visit,3026,38,'5-12,'0-1,'4-5,1,5,6,11,0,0,4,3,+14,14
290111028,visit,9,43,'11-14,'8-10,'6-6,0,3,3,2,2,0,1,5,+12,36
290111028,visit,3200,30,'1-12,'0-0,'4-6,5,6,11,0,2,0,3,4,+1,6
290111028,visit,3023,9,'2-3,'0-0,'1-1,2,1,3,0,0,1,0,1,-3,5
290111028,visit,3464,0,'0-0,'0-0,'0-0,0,0,0,0,0,0,0,0,+11,0
290111028,visit,2018,0,'0-0,'0-0,'0-0,0,0,0,0,0,0,0,0,+0,0
290111028,visit,3019,0,'0-0,'0-0,'0-0,0,0,0,0,0,0,0,0,+0,0
290111028,visit,3227,5,'0-1,'0-0,'1-2,0,0,0,1,0,0,0,0,-6,1
290111028,visit,138,0,'0-0,'0-0,'0-0,0,0,0,0,0,0,0,0,+0,0
290111028,visit,2367,0,'0-0,'0-0,'0-0,0,0,0,0,0,0,0,0,-17,0
290111028,visit,348,9,'2-4,'0-2,'0-0,0,1,1,0,0,0,1,1,-8,4
290111028,home,1977,38,'5-16,'0-1,'5-6,4,7,11,1,1,3,2,4,-10,15
290111028,home,3249,38,'6-10,'1-4,'2-2,0,7,7,1,1,3,0,1,+2,15
290111028,home,2987,32,'5-14,'3-5,'4-6,2,7,9,3,0,1,2,4,-5,17
290111028,home,2806,22,'1-3,'0-0,'4-4,0,1,1,3,0,0,1,1,-17,6
290111028,home,635,28,'2-12,'1-4,'0-0,1,2,3,0,1,0,0,1,-12,5
290111028,home,2433,5,'0-2,'0-0,'0-0,0,2,2,0,0,0,0,1,-7,0
290111028,home,2759,25,'2-5,'0-1,'8-9,3,5,8,2,1,2,1,2,+6,12
290111028,home,879,4,'0-0,'0-0,'0-0,0,0,0,0,0,0,0,3,+2,0
290111028,home,615,0,'0-0,'0-0,'0-0,0,0,0,0,0,0,0,0,+9,0
290111028,home,3441,0,'0-0,'0-0,'0-0,0,0,0,0,0,0,0,0,+11,0
290111028,home,1023,12,'0-2,'0-0,'2-2,1,0,1,3,0,0,2,1,-1,2
290111028,home,2790,14,'2-3,'0-1,'0-0,0,0,0,3,0,1,2,1,+11,4
290111028,home,2010,24,'5-7,'1-1,'1-2,0,2,2,2,2,0,1,2,+1,12
290112002,visit,1977,45,'6-11,'0-0,'6-7,2,9,11,1,0,0,2,5,-10,18
290112002,visit,3249,23,'3-7,'2-4,'0-0,0,1,1,1,1,2,1,2,+0,8
290112002,visit,2987,39,'9-20,'2-6,'3-3,1,7,8,3,1,0,2,4,-6,23
290112002,visit,1023,29,'4-6,'2-3,'0-0,0,2,2,5,0,0,1,3,-9,10
290112002,visit,635,34,'4-10,'1-4,'2-2,1,3,4,3,0,0,1,2,-7,11
290112002,visit,2433,20,'3-5,'0-0,'3-4,0,4,4,1,1,0,1,2,+3,9
290112002,visit,2759,29,'1-5,'0-0,'5-6,1,2,3,1,0,0,1,3,-7,7
290112002,visit,3441,0,'0-0,'0-0,'0-0,0,0,0,0,0,0,0,0,+0,0
290112002,visit,879,0,'0-0,'0-0,'0-0,0,0,0,0,0,0,0,0,+0,0
290112002,visit,615,0,'0-0,'0-0,'0-0,0,0,0,0,0,0,0,0,+6,0
290112002,visit,2790,23,'7-12,'2-2,'0-0,1,2,3,3,2,0,1,1,+0,16
290112002,visit,2806,0,'0-0,'0-0,'0-0,0,0,0,0,0,0,0,0,+0,0
290112002,visit,2010,22,'2-6,'0-3,'3-4,0,1,1,2,0,0,1,1,+6,7
290112002,home,261,40,'7-15,'0-0,'6-6,3,9,12,2,2,2,1,4,+6,20
290112002,home,1021,28,'4-9,'3-7,'0-0,0,2,2,2,0,0,1,3,-2,11
290112002,home,662,49,'13-26,'3-8,'10-11,1,8,9,4,1,0,5,4,+10,39
290112002,home,3026,40,'4-9,'0-0,'1-2,0,5,5,8,3,2,1,0,+4,9
290112002,home,9,45,'5-10,'1-3,'1-1,2,3,5,5,0,0,2,2,+4,12
290112002,home,3200,13,'2-4,'0-0,'1-1,3,2,5,1,1,0,1,4,+0,5
290112002,home,3023,26,'4-7,'0-0,'2-5,4,3,7,1,0,0,1,5,+6,10
290112002,home,3464,0,'0-0,'0-0,'0-0,0,0,0,0,0,0,0,0,+0,0
290112002,home,2018,0,'0-0,'0-0,'0-0,0,0,0,0,0,0,0,0,+10,0
290112002,home,3019,0,'0-0,'0-0,'0-0,0,0,0,0,0,0,0,0,+0,0
290112002,home,3227,10,'1-4,'1-2,'0-0,0,0,0,1,0,0,0,0,+0,3
290112002,home,138,0,'0-0,'0-0,'0-0,0,0,0,0,0,0,0,0,+0,0
290112002,home,2367,0,'0-0,'0-0,'0-0,0,0,0,0,0,0,0,0,+0,0
290112002,home,348,13,'2-4,'2-4,'0-0,0,1,1,2,0,1,0,1,+2,6
290114002,visit,3412,26,'6-8,'1-1,'0-1,3,1,4,1,2,0,3,2,-7,13
290114002,visit,1022,24,'2-3,'1-2,'0-0,2,1,3,1,0,0,0,3,-9,5
290114002,visit,3448,31,'4-14,'0-0,'5-6,3,5,8,2,1,5,3,2,-11,13
290114002,visit,2382,27,'5-9,'0-0,'7-9,0,2,2,3,2,0,6,1,-16,17
290114002,visit,136,26,'1-10,'0-2,'2-2,0,0,0,1,1,0,4,3,-24,4
290114002,visit,2990,14,'0-2,'0-0,'3-6,0,4,4,0,1,0,0,2,-16,3
290114002,visit,3239,0,'0-0,'0-0,'0-0,0,0,0,0,0,0,0,0,+14,0
290114002,visit,591,16,'0-2,'0-0,'0-0,1,3,4,2,0,0,2,3,-20,0
290114002,visit,829,0,'0-0,'0-0,'0-0,0,0,0,0,0,0,0,0,+0,0
290114002,visit,1980,22,'4-6,'1-1,'0-0,1,2,3,1,0,0,0,0,-16,9
290114002,visit,2982,5,'0-1,'0-0,'0-0,0,0,0,0,0,1,0,0,-5,0
290114002,visit,3214,0,'0-0,'0-0,'0-0,0,0,0,0,0,0,0,0,+0,0
290114002,visit,998,9,'1-4,'0-0,'1-1,0,0,0,0,0,0,0,1,-3,3
290114002,visit,209,23,'2-4,'2-4,'7-8,1,0,1,2,0,0,0,1,-23,13
290114002,visit,3422,16,'1-4,'0-0,'4-4,0,3,3,1,0,0,1,1,-10,6
290114002,home,261,24,'8-11,'0-0,'4-4,2,7,9,3,1,1,0,1,+11,20
290114002,home,1021,27,'3-8,'1-3,'2-2,0,4,4,1,1,1,0,4,+16,9
290114002,home,662,32,'7-14,'5-8,'3-4,2,2,4,4,2,1,2,1,+26,22
290114002,home,3026,30,'5-9,'0-0,'1-2,2,5,7,12,3,0,4,2,+21,11
290114002,home,9,29,'5-8,'2-3,'0-0,0,0,0,0,2,0,3,3,+22,12
290114002,home,3200,21,'5-6,'1-1,'1-1,1,2,3,1,2,1,2,5,+16,12
290114002,home,3023,23,'1-4,'0-0,'3-4,1,7,8,1,1,0,2,4,+16,5
290114002,home,3464,12,'3-4,'0-0,'0-0,0,2,2,1,0,0,0,2,+4,6
290114002,home,2018,0,'0-0,'0-0,'0-0,0,0,0,0,0,0,0,0,-6,0
290114002,home,3019,5,'1-3,'0-0,'0-1,1,1,2,0,0,0,0,0,+5,2
290114002,home,3227,19,'2-4,'1-2,'4-4,1,2,3,4,1,0,0,4,+13,9
290114002,home,138,0,'0-0,'0-0,'0-0,0,0,0,0,0,0,0,0,+0,0
290114002,home,3429,0,'0-0,'0-0,'0-0,0,0,0,0,0,0,0,0,-5,0
290114002,home,2367,0,'0-0,'0-0,'0-0,0,0,0,0,0,0,0,0,-5,0
290114002,home,348,17,'4-7,'2-5,'0-0,0,3,3,1,0,0,2,2,+10,10
290117017,visit,261,28,'5-10,'0-0,'2-2,1,9,10,6,0,0,2,3,+23,12
290117017,visit,1021,29,'4-8,'0-3,'3-3,1,3,4,0,1,1,0,1,+22,11
290117017,visit,662,35,'5-10,'2-5,'1-1,0,4,4,4,1,0,1,2,+23,13
290117017,visit,3026,28,'3-6,'1-1,'1-2,1,8,9,14,2,0,4,4,+24,8
290117017,visit,9,30,'8-12,'3-7,'6-6,0,1,1,0,0,0,2,2,+22,25
290117017,visit,3200,14,'1-4,'0-0,'0-0,0,2,2,1,0,0,0,1,-1,2
290117017,visit,3023,19,'3-4,'0-0,'6-6,1,0,1,0,0,1,0,1,+0,12
290117017,visit,3464,12,'1-3,'0-1,'4-4,0,3,3,0,0,0,2,5,-3,6
290117017,visit,2018,0,'0-0,'0-0,'0-0,0,0,0,0,0,0,0,0,-13,0
290117017,visit,3019,5,'0-0,'0-0,'0-0,0,1,1,1,0,1,1,1,-4,0
290117017,visit,3227,18,'1-4,'1-2,'0-0,1,0,1,2,1,0,3,1,-2,3
290117017,visit,138,0,'0-0,'0-0,'0-0,0,0,0,0,0,0,0,0,+0,0
290117017,visit,3429,0,'0-0,'0-0,'0-0,0,0,0,0,0,0,0,0,+0,0
290117017,visit,2367,0,'0-0,'0-0,'0-0,0,0,0,0,0,0,0,0,+5,0
290117017,visit,348,21,'5-8,'3-5,'0-1,0,1,1,0,1,0,3,2,-4,13
290117017,home,3412,30,'1-6,'1-3,'4-4,1,3,4,1,0,0,3,5,-29,7
290117017,home,1022,23,'0-3,'0-2,'0-0,1,5,6,1,1,0,1,2,-5,0
290117017,home,3448,41,'12-17,'0-0,'4-5,2,8,10,0,0,0,3,2,-18,28
290117017,home,2382,17,'2-6,'0-0,'3-3,0,0,0,1,0,1,3,2,-29,7
290117017,home,136,14,'2-8,'0-0,'1-2,1,1,2,1,1,0,1,2,-28,5
290117017,home,2990,4,'0-0,'0-0,'0-0,0,0,0,0,0,0,1,1,-4,0
290117017,home,591,19,'3-4,'1-1,'0-4,1,4,5,0,2,0,0,3,+7,7
290117017,home,829,0,'0-0,'0-0,'0-0,0,0,0,0,0,0,0,0,+18,0
290117017,home,1980,30,'5-11,'3-6,'2-2,2,2,4,2,1,0,2,1,+10,15
290117017,home,2982,0,'0-0,'0-0,'0-0,0,0,0,0,0,0,0,0,+0,0
290117017,home,3214,0,'0-0,'0-0,'0-0,0,0,0,0,0,0,0,0,+12,0
290117017,home,998,17,'0-2,'0-0,'4-4,2,3,5,2,1,0,0,0,-7,4
290117017,home,209,32,'4-12,'1-4,'0-2,0,0,0,8,2,0,1,1,+1,9
290117017,home,3422,13,'1-5,'0-1,'1-2,0,0,0,1,0,0,0,0,+2,3
290119002,visit,336,27,'4-10,'2-3,'0-0,0,1,1,1,0,1,1,1,-15,10
290119002,visit,614,30,'8-13,'0-0,'0-0,1,10,11,2,0,2,3,2,-26,16
290119002,visit,1727,30,'0-7,'0-0,'3-4,1,0,1,0,0,1,4,4,-21,3
290119002,visit,592,32,'5-7,'2-2,'0-0,0,4,4,8,0,0,5,3,-23,12
290119002,visit,1018,28,'4-7,'0-2,'0-1,0,3,3,0,0,1,1,0,-24,8
290119002,visit,3041,23,'5-6,'0-0,'3-5,1,3,4,1,2,3,2,4,+0,13
290119002,visit,1765,14,'1-7,'0-3,'0-0,0,6,6,0,0,0,2,1,-14,2
290119002,visit,3201,7,'1-2,'0-0,'0-0,0,2,2,0,0,0,0,0,+12,2
290119002,visit,3238,12,'4-6,'0-1,'3-4,1,0,1,1,1,0,1,0,+14,11
290119002,visit,3447,12,'1-1,'0-0,'1-2,1,2,3,1,0,1,0,0,+13,3
290119002,visit,3423,7,'0-1,'0-0,'4-4,0,2,2,2,0,0,1,0,+10,4
290119002,visit,2166,17,'1-5,'0-0,'1-1,0,1,1,1,0,0,3,1,-11,3
290119002,home,261,25,'7-10,'0-0,'2-2,2,6,8,3,3,1,0,3,+24,16
290119002,home,1021,33,'2-8,'0-3,'0-0,0,2,2,2,0,1,0,2,+18,4
290119002,home,662,33,'6-15,'0-3,'0-0,1,7,8,8,2,0,2,3,+26,12
290119002,home,3026,30,'9-15,'1-1,'4-7,2,3,5,7,2,0,3,3,+22,23
290119002,home,9,32,'8-12,'4-5,'0-0,0,2,2,3,1,0,1,0,+23,20
290119002,home,3200,23,'4-10,'0-0,'1-2,3,6,9,1,1,0,2,3,+10,9
290119002,home,3023,23,'2-7,'0-0,'1-1,3,2,5,0,0,0,1,3,-7,5
290119002,home,3464,6,'3-3,'0-0,'1-2,0,0,0,0,0,0,0,1,-6,7
290119002,home,2018,0,'0-0,'0-0,'0-0,0,0,0,0,0,0,0,0,+26,0
290119002,home,3019,6,'0-0,'0-0,'0-0,0,0,0,1,1,1,2,1,-6,0
290119002,home,3227,12,'1-4,'0-0,'0-0,0,1,1,3,2,0,0,1,-14,2
290119002,home,138,0,'0-0,'0-0,'0-0,0,0,0,0,0,0,0,0,+0,0
290119002,home,3429,0,'0-0,'0-0,'0-0,0,0,0,0,0,0,0,0,+26,0
290119002,home,2367,0,'0-0,'0-0,'0-0,0,0,0,0,0,0,0,0,-11,0
290119002,home,348,19,'3-10,'0-3,'0-0,0,2,2,2,0,0,1,2,-5,6
290121014,visit,261,32,'6-12,'0-0,'4-4,2,11,13,1,3,0,2,0,+16,16
290121014,visit,662,34,'6-14,'1-4,'1-2,1,7,8,1,1,0,2,0,+10,14
290121014,visit,2018,23,'1-3,'0-0,'0-1,1,6,7,1,0,1,2,2,+25,2
290121014,visit,3026,34,'3-7,'1-2,'0-2,3,1,4,10,1,0,5,2,+23,7
290121014,visit,9,38,'9-12,'5-6,'4-4,3,2,5,5,1,0,3,2,+18,27
290121014,visit,1021,23,'1-2,'1-2,'0-0,0,1,1,1,0,1,1,5,-9,3
290121014,visit,3200,10,'2-3,'0-0,'0-0,0,2,2,1,1,0,1,1,-4,4
290121014,visit,3023,8,'0-3,'0-0,'0-0,1,3,4,0,0,1,1,1,+2,0
290121014,visit,3464,0,'0-0,'0-0,'0-0,0,0,0,0,0,0,0,0,-7,0
290121014,visit,3019,3,'0-0,'0-0,'0-0,0,0,0,0,0,0,0,0,-4,0
290121014,visit,3227,9,'0-1,'0-0,'0-0,0,0,0,1,0,0,2,3,-7,0
290121014,visit,138,0,'0-0,'0-0,'0-0,0,0,0,0,0,0,0,0,+0,0
290121014,visit,3429,0,'0-0,'0-0,'0-0,0,0,0,0,0,0,0,0,+25,0
290121014,visit,2367,0,'0-0,'0-0,'0-0,0,0,0,0,0,0,0,0,+2,0
290121014,visit,348,26,'9-15,'7-11,'0-0,0,4,4,0,0,0,2,1,+5,25
290121014,home,2184,35,'2-3,'0-0,'0-0,2,3,5,2,3,0,1,3,-21,4
290121014,home,3247,14,'0-0,'0-0,'0-0,2,2,4,1,0,0,1,1,-10,0
290121014,home,3419,31,'3-9,'0-3,'0-0,0,1,1,7,4,0,1,2,-12,6
290121014,home,510,8,'1-4,'0-0,'0-0,0,1,1,1,0,1,0,0,-12,2
290121014,home,1987,43,'9-17,'2-5,'5-7,1,3,4,4,2,0,3,4,-17,25
290121014,home,3418,41,'6-16,'1-3,'4-6,1,10,11,1,2,0,2,1,-2,17
290121014,home,2423,0,'0-0,'0-0,'0-0,0,0,0,0,0,0,0,0,-3,0
290121014,home,70,0,'0-0,'0-0,'0-0,0,0,0,0,0,0,0,0,+0,0
290121014,home,498,6,'0-1,'0-0,'0-0,0,0,0,0,0,0,1,1,+3,0
290121014,home,3046,12,'2-6,'0-1,'2-2,0,1,1,1,0,0,1,0,+2,6
290121014,home,2165,0,'0-0,'0-0,'0-0,0,0,0,0,0,0,0,0,-9,0
290121014,home,3048,8,'0-3,'0-3,'0-0,0,0,0,0,0,0,0,0,-3,0
290121014,home,3196,39,'8-19,'4-9,'0-0,0,3,3,0,3,1,0,2,-7,20
290121014,home,2009,4,'1-2,'0-1,'1-1,0,0,0,0,0,0,1,0,+4,3
290122019,visit,261,36,'8-13,'0-0,'0-0,1,4,5,1,1,0,1,3,+5,16
290122019,visit,662,44,'8-18,'0-1,'11-14,2,8,10,4,2,0,2,4,+9,27
290122019,visit,2018,25,'3-5,'0-0,'1-2,4,2,6,0,0,2,1,3,+3,7
290122019,visit,3026,39,'4-10,'0-1,'1-2,2,6,8,2,1,0,2,4,+8,9
290122019,visit,9,38,'6-12,'0-2,'0-0,1,1,2,2,2,1,3,1,+9,12
290122019,visit,1021,7,'0-2,'0-0,'3-3,1,1,2,0,0,0,0,2,+5,3
290122019,visit,3200,21,'6-8,'0-0,'4-4,2,2,4,0,1,0,1,5,+3,16
290122019,visit,3023,7,'0-3,'0-0,'0-0,1,1,2,0,0,0,1,1,+4,0
290122019,visit,3464,0,'0-0,'0-0,'0-0,0,0,0,0,0,0,0,0,+0,0
290122019,visit,3019,0,'0-0,'0-0,'0-0,0,0,0,0,0,0,0,0,+0,0
290122019,visit,3227,6,'0-1,'0-1,'0-0,0,0,0,0,0,0,0,2,+2,0
290122019,visit,138,0,'0-0,'0-0,'0-0,0,0,0,0,0,0,0,0,-11,0
290122019,visit,3429,0,'0-0,'0-0,'0-0,0,0,0,0,0,0,0,0,+3,0
290122019,visit,2367,0,'0-0,'0-0,'0-0,0,0,0,0,0,0,0,0,+4,0
290122019,visit,348,17,'0-3,'0-1,'0-0,0,1,1,0,0,0,0,2,+2,0
290122019,home,469,38,'8-14,'1-4,'3-7,9,1,10,2,2,0,2,4,-9,20
290122019,home,862,39,'6-15,'4-7,'6-8,0,3,3,2,0,0,3,5,-4,22
290122019,home,2384,38,'4-10,'0-0,'3-4,3,8,11,1,0,3,4,6,-4,11
290122019,home,2439,37,'6-16,'1-6,'4-4,0,2,2,3,0,0,2,1,-8,17
290122019,home,3445,18,'0-5,'0-1,'0-0,0,1,1,0,0,0,2,1,-13,0
290122019,home,1998,0,'0-0,'0-0,'0-0,0,0,0,0,0,0,0,0,+0,0
290122019,home,3024,27,'1-2,'1-2,'3-4,0,4,4,2,1,0,1,0,+4,6
290122019,home,2173,0,'0-0,'0-0,'0-0,0,0,0,0,0,0,0,0,+9,0
290122019,home,45,13,'0-1,'0-0,'0-0,0,1,1,0,0,0,0,1,+0,0
290122019,home,254,0,'0-0,'0-0,'0-0,0,0,0,0,0,0,0,0,+0,0
290122019,home,2758,9,'0-0,'0-0,'0-0,0,2,2,0,1,0,0,2,-9,0
290122019,home,396,11,'1-1,'0-0,'2-2,0,1,1,1,0,0,0,2,-2,4
290122019,home,1913,0,'0-0,'0-0,'0-0,0,0,0,0,0,0,0,0,+9,0
290122019,home,3160,0,'0-0,'0-0,'0-0,0,0,0,0,0,0,0,0,-13,0
290122019,home,1995,10,'0-4,'0-2,'0-0,0,1,1,0,0,0,0,0,-5,0
290125002,visit,609,37,'4-17,'0-3,'10-12,1,6,7,0,0,0,5,2,-23,18
290125002,visit,2006,37,'6-13,'1-4,'5-6,1,4,5,1,0,0,2,3,-20,18
290125002,visit,2801,14,'1-3,'0-0,'0-0,0,0,0,0,0,0,1,0,-21,2
290125002,visit,181,28,'3-5,'0-0,'2-2,4,3,7,1,1,0,1,2,-8,8
290125002,visit,429,35,'2-7,'1-3,'1-2,2,5,7,5,0,2,1,2,-18,6
290125002,visit,2745,16,'2-4,'0-0,'4-4,1,1,2,0,0,2,0,2,-21,8
290125002,visit,267,6,'0-1,'0-1,'0-0,0,3,3,0,0,0,0,1,+5,0
290125002,visit,2873,9,'0-1,'0-0,'0-0,0,1,1,0,0,3,0,0,-1,0
290125002,visit,3038,0,'0-0,'0-0,'0-0,0,0,0,0,0,0,0,0,-4,0
290125002,visit,802,0,'0-0,'0-0,'0-0,0,0,0,0,0,0,0,0,-2,0
290125002,visit,3008,6,'1-2,'0-0,'3-4,0,3,3,0,0,1,0,0,+5,5
290125002,visit,3055,14,'3-5,'0-0,'2-2,2,1,3,3,0,0,3,0,-8,8
290125002,visit,2211,6,'0-0,'0-0,'0-0,0,0,0,0,0,0,1,0,+5,0
290125002,visit,2761,0,'0-0,'0-0,'0-0,0,0,0,0,0,0,0,0,-8,0
290125002,visit,841,32,'10-18,'4-9,'3-4,1,1,2,2,2,0,0,2,-15,27
290125002,home,261,25,'11-17,'0-0,'1-3,0,2,2,4,1,0,1,2,+11,23
290125002,home,662,22,'3-7,'2-4,'0-0,1,4,5,1,0,0,1,5,+15,8
290125002,home,2018,24,'4-7,'0-0,'0-0,2,4,6,0,0,3,0,3,+13,8
290125002,home,3026,34,'6-10,'0-1,'1-2,3,4,7,14,4,0,2,1,+28,13
290125002,home,9,34,'9-13,'4-5,'1-1,1,4,5,7,1,1,0,2,+23,23
290125002,home,1021,15,'2-5,'2-3,'0-0,0,1,1,1,0,0,1,4,+17,6
290125002,home,3200,15,'2-3,'0-0,'3-3,0,4,4,0,0,0,1,4,+10,7
290125002,home,3023,9,'0-3,'0-0,'0-0,0,0,0,0,1,0,0,1,-1,0
290125002,home,3464,12,'2-4,'0-0,'2-2,0,0,0,2,0,0,0,2,-1,6
290125002,home,3019,8,'1-3,'0-0,'0-0,2,1,3,1,1,0,0,1,-4,2
290125002,home,3227,14,'2-7,'1-3,'0-0,0,2,2,2,0,0,0,3,-2,5
290125002,home,138,0,'0-0,'0-0,'0-0,0,0,0,0,0,0,0,0,-18,0
290125002,home,3429,0,'0-0,'0-0,'0-0,0,0,0,0,0,0,0,0,+13,0
290125002,home,2367,0,'0-0,'0-0,'0-0,0,0,0,0,0,0,0,0,-21,0
290125002,home,348,28,'8-14,'7-11,'0-1,0,2,2,2,2,0,0,0,+11,23
290128002,visit,3462,36,'7-10,'0-0,'7-7,5,6,11,4,0,0,3,5,+2,21
290128002,visit,1726,38,'7-14,'4-7,'4-4,0,3,3,5,1,1,1,2,-11,22
290128002,visit,556,28,'5-13,'1-3,'0-0,1,4,5,1,1,1,2,2,-3,11
290128002,visit,2448,20,'2-3,'0-0,'0-0,0,1,1,3,0,0,1,6,-6,4
290128002,visit,2394,36,'4-10,'0-2,'10-13,0,4,4,2,0,0,1,1,-9,18
290128002,visit,849,0,'0-0,'0-0,'0-0,0,0,0,0,0,0,0,0,-3,0
290128002,visit,3211,23,'1-6,'0-0,'1-2,2,4,6,3,0,0,2,3,-21,3
290128002,visit,3432,4,'0-0,'0-0,'0-0,0,0,0,0,0,0,0,0,+3,0
290128002,visit,575,5,'1-1,'0-0,'0-0,1,1,2,0,0,0,1,1,-5,2
290128002,visit,3040,3,'0-1,'0-0,'0-0,0,0,0,0,0,0,1,0,-11,0
290128002,visit,3472,28,'4-11,'3-6,'2-2,0,1,1,0,0,0,1,3,-13,13
290128002,visit,376,0,'0-0,'0-0,'0-0,0,0,0,0,0,0,0,0,+0,0
290128002,visit,2755,18,'2-6,'0-1,'2-2,0,0,0,0,0,0,1,2,-21,6
290128002,visit,3000,0,'0-0,'0-0,'0-0,0,0,0,0,0,0,0,0,-11,0
290128002,home,261,27,'7-15,'0-0,'0-0,2,6,8,5,1,1,1,2,+4,14
290128002,home,662,27,'1-5,'0-1,'6-6,0,3,3,8,1,0,1,4,-1,8
290128002,home,2018,24,'0-0,'0-0,'0-0,2,2,4,0,0,2,2,3,-8,0
290128002,home,3026,29,'10-15,'0-0,'4-7,0,3,3,9,0,0,1,1,+0,24
290128002,home,9,32,'5-12,'1-3,'1-1,0,2,2,4,2,0,0,1,+12,12
290128002,home,1021,0,'0-0,'0-0,'0-0,0,0,0,0,0,0,0,0,+29,0
290128002,home,3200,22,'5-6,'0-0,'4-4,2,1,3,0,1,1,0,4,+27,14
290128002,home,3023,18,'1-5,'0-0,'4-4,2,3,5,0,0,0,0,4,+18,6
290128002,home,3464,4,'0-1,'0-0,'1-2,0,0,0,1,0,0,1,1,-3,1
290128002,home,3019,4,'0-2,'0-0,'0-0,0,0,0,0,0,0,0,1,-3,0
290128002,home,3227,9,'0-1,'0-0,'2-2,1,0,1,0,0,1,1,2,+1,2
290128002,home,138,0,'0-0,'0-0,'0-0,0,0,0,0,0,0,0,0,-1,0
290128002,home,3429,0,'0-0,'0-0,'0-0,0,0,0,0,0,0,0,0,-8,0
290128002,home,2367,23,'5-5,'0-0,'0-1,2,6,8,3,3,1,4,2,+19,10
290128002,home,348,20,'10-13,'8-9,'0-0,0,3,3,0,1,0,0,0,+29,28
290130008,visit,261,37,'10-17,'0-0,'2-2,1,8,9,3,1,2,2,2,+12,22
290130008,visit,662,39,'6-10,'2-2,'6-8,0,4,4,5,0,0,4,4,+10,20
290130008,visit,2018,29,'4-6,'0-0,'1-2,3,4,7,0,1,2,2,2,+11,9
290130008,visit,3026,39,'4-8,'0-0,'0-0,0,4,4,12,1,0,2,0,+9,8
290130008,visit,9,38,'4-14,'1-5,'5-5,2,4,6,2,2,1,2,4,+10,14
290130008,visit,1021,0,'0-0,'0-0,'0-0,0,0,0,0,0,0,0,0,+1,0
290130008,visit,3200,19,'1-2,'0-0,'1-2,2,1,3,0,0,0,1,1,-4,3
290130008,visit,3023,11,'0-2,'0-0,'1-2,2,5,7,1,0,0,1,2,-4,1
290130008,visit,3464,0,'0-0,'0-0,'0-0,0,0,0,0,0,0,0,0,+0,0
290130008,visit,3019,0,'0-0,'0-0,'0-0,0,0,0,0,0,0,0,0,+0,0
290130008,visit,3227,0,'0-0,'0-0,'0-0,0,0,0,0,0,0,0,0,+0,0
290130008,visit,138,0,'0-0,'0-0,'0-0,0,0,0,0,0,0,0,0,-11,0
290130008,visit,3429,0,'0-0,'0-0,'0-0,0,0,0,0,0,0,0,0,+11,0
290130008,visit,2367,15,'1-5,'0-0,'4-4,1,1,2,1,1,2,0,0,-5,6
290130008,visit,348,15,'1-4,'1-3,'0-0,0,2,2,1,0,0,0,3,+1,3
290130008,home,883,38,'5-16,'1-6,'1-2,0,6,6,0,2,1,1,6,-11,12
290130008,home,2769,5,'1-2,'0-0,'0-0,1,0,1,0,0,0,0,0,-8,2
290130008,home,1724,35,'1-7,'0-0,'2-2,0,1,1,4,3,1,1,2,-11,4
290130008,home,3235,37,'7-11,'0-1,'5-6,2,1,3,4,0,0,2,4,-11,19
290130008,home,366,43,'7-14,'0-0,'5-6,0,4,4,1,0,0,2,0,-9,19
290130008,home,3458,0,'0-0,'0-0,'0-0,0,0,0,0,0,0,0,0,-4,0
290130008,home,2775,14,'2-3,'0-0,'1-3,4,1,5,0,0,0,0,2,+0,5
290130008,home,3058,0,'0-0,'0-0,'0-0,0,0,0,0,0,0,0,0,+0,0
290130008,home,530,38,'1-8,'0-0,'1-2,4,10,14,2,0,1,0,2,+4,3
290130008,home,981,0,'0-0,'0-0,'0-0,0,0,0,0,0,0,0,0,+0,0
290130008,home,2816,0,'0-0,'0-0,'0-0,0,0,0,0,0,0,0,0,+0,0
290130008,home,294,30,'6-13,'0-1,'2-2,0,2,2,5,0,0,3,2,+6,14
290130008,home,3187,0,'0-0,'0-0,'0-0,0,0,0,0,0,0,0,0,+0,0
290130008,home,2802,0,'0-0,'0-0,'0-0,0,0,0,0,0,0,0,0,+0,0
290201002,visit,3031,11,'1-2,'0-0,'0-0,0,1,1,3,0,0,0,4,-2,2
290201002,visit,2757,39,'7-13,'1-4,'2-2,0,3,3,1,4,1,3,4,+2,17
290201002,visit,2389,41,'15-21,'0-0,'4-5,3,8,11,1,0,4,1,4,-9,34
290201002,visit,2417,40,'4-12,'1-5,'1-1,0,1,1,8,0,0,2,2,+0,10
290201002,visit,3003,36,'6-17,'2-5,'7-7,1,1,2,9,2,0,1,0,-2,21
290201002,visit,3449,26,'1-4,'0-0,'4-4,2,8,10,1,0,0,2,3,-14,6
290201002,visit,130,3,'0-1,'0-1,'0-0,0,1,1,1,0,0,1,2,-6,0
290201002,visit,496,0,'0-0,'0-0,'0-0,0,0,0,0,0,0,0,0,+0,0
290201002,visit,3191,0,'0-0,'0-0,'0-0,0,0,0,0,0,0,0,0,-9,0
290201002,visit,77,0,'0-0,'0-0,'0-0,0,0,0,0,0,0,0,0,+2,0
290201002,visit,987,0,'0-0,'0-0,'0-0,0,0,0,0,0,0,0,0,+0,0
290201002,visit,620,0,'0-0,'0-0,'0-0,0,0,0,0,0,0,0,0,+2,0
290201002,visit,2777,0,'0-0,'0-0,'0-0,0,0,0,0,0,0,0,0,+0,0
290201002,visit,2995,15,'1-4,'0-2,'1-2,1,1,2,0,0,1,2,4,-5,3
290201002,visit,558,28,'3-4,'1-1,'1-2,0,6,6,3,0,0,2,2,-4,8
290201002,home,3200,37,'5-12,'0-0,'2-3,1,5,6,2,3,0,1,5,-7,12
290201002,home,662,41,'13-24,'1-3,'9-9,4,4,8,6,0,1,4,0,+1,36
290201002,home,2018,35,'4-6,'0-0,'0-0,4,7,11,3,0,1,1,4,+2,8
290201002,home,3026,35,'2-6,'0-0,'1-1,2,5,7,8,2,1,1,1,+3,5
290201002,home,9,35,'7-15,'3-8,'5-5,1,2,3,4,0,0,3,3,+2,22
290201002,home,1021,0,'0-0,'0-0,'0-0,0,0,0,0,0,0,0,0,+0,0
290201002,home,3023,19,'3-7,'0-0,'1-4,2,1,3,0,4,0,0,3,+9,7
290201002,home,261,0,'0-0,'0-0,'0-0,0,0,0,0,0,0,0,0,-1,0
290201002,home,3464,0,'0-0,'0-0,'0-0,0,0,0,0,0,0,0,0,+0,0
290201002,home,3019,4,'0-0,'0-0,'0-0,0,1,1,0,0,0,1,1,+8,0
290201002,home,3227,0,'0-0,'0-0,'0-0,0,0,0,0,0,0,0,0,+0,0
290201002,home,138,0,'0-0,'0-0,'0-0,0,0,0,0,0,0,0,0,-1,0
290201002,home,3429,0,'0-0,'0-0,'0-0,0,0,0,0,0,0,0,0,+0,0
290201002,home,2367,19,'4-8,'0-1,'6-8,1,0,1,1,2,0,0,2,+12,14
290201002,home,348,15,'2-5,'1-3,'0-0,0,1,1,1,0,1,0,1,+10,5
290203020,visit,3200,42,'6-11,'0-0,'0-1,3,8,11,2,0,2,3,4,-2,12
290203020,visit,662,37,'10-23,'1-3,'8-8,1,6,7,6,1,0,2,5,+14,29
290203020,visit,2018,32,'1-3,'0-0,'0-0,1,7,8,1,0,2,1,2,-3,2
290203020,visit,3026,36,'9-12,'0-1,'2-2,3,2,5,8,0,0,7,2,+5,20
290203020,visit,9,43,'9-18,'3-8,'2-2,1,2,3,3,1,0,3,4,-1,23
290203020,visit,1021,0,'0-0,'0-0,'0-0,0,0,0,0,0,0,0,0,-1,0
290203020,visit,3023,17,'2-2,'0-0,'2-3,2,2,4,1,0,0,1,3,-5,6
290203020,visit,261,0,'0-0,'0-0,'0-0,0,0,0,0,0,0,0,0,+0,0
290203020,visit,3464,0,'0-0,'0-0,'0-0,0,0,0,0,0,0,0,0,+0,0
290203020,visit,3019,5,'1-2,'0-0,'0-0,0,2,2,0,0,1,0,2,+1,2
290203020,visit,3227,0,'0-0,'0-0,'0-0,0,0,0,0,0,0,0,0,+0,0
290203020,visit,138,0,'0-0,'0-0,'0-0,0,0,0,0,0,0,0,0,+0,0
290203020,visit,3429,0,'0-0,'0-0,'0-0,0,0,0,0,0,0,0,0,+0,0
290203020,visit,2367,14,'2-2,'0-0,'0-0,0,0,0,4,2,2,3,4,+1,4
290203020,visit,348,14,'1-3,'0-1,'0-0,0,1,1,0,0,0,0,0,-5,2
290203020,home,3244,36,'4-13,'0-2,'2-2,0,1,1,2,1,0,3,0,+8,10
290203020,home,2386,40,'8-17,'0-3,'6-7,1,5,6,6,3,1,1,3,-15,22
290203020,home,991,33,'7-13,'0-0,'0-0,1,6,7,0,0,3,1,3,-1,14
290203020,home,557,40,'8-19,'0-0,'5-6,3,1,4,7,1,0,3,3,+1,21
290203020,home,2004,16,'2-4,'0-1,'0-0,0,1,1,2,0,0,0,2,-5,4
290203020,home,3460,6,'3-3,'0-0,'0-0,1,0,1,0,1,0,0,2,+1,6
290203020,home,3232,0,'0-0,'0-0,'0-0,0,0,0,0,0,0,0,0,-5,0
290203020,home,91,9,'0-2,'0-0,'0-0,2,1,3,0,0,0,0,1,-2,0
290203020,home,512,0,'0-0,'0-0,'0-0,0,0,0,0,0,0,0,0,+0,0
290203020,home,1828,24,'1-2,'0-0,'6-8,4,6,10,1,2,0,1,3,+14,8
290203020,home,687,0,'0-0,'0-0,'0-0,0,0,0,0,0,0,0,0,+0,0
290203020,home,2387,10,'1-3,'1-2,'0-0,0,0,0,0,0,0,0,1,+1,3
290203020,home,1725,0,'0-0,'0-0,'0-0,0,0,0,0,0,0,0,0,+0,0
290203020,home,2799,26,'3-7,'0-0,'5-5,0,0,0,4,1,0,0,3,-7,11
290205002,visit,617,35,'6-10,'1-2,'7-11,2,4,6,3,2,0,1,4,+8,20
290205002,visit,2027,33,'2-5,'1-1,'0-0,0,2,2,3,2,0,2,1,+2,5
290205002,visit,110,45,'10-29,'4-8,'2-4,2,8,10,5,1,2,3,2,-3,26
290205002,visit,996,46,'10-14,'0-0,'4-7,7,7,14,3,1,1,3,1,+8,24
290205002,visit,246,41,'5-13,'1-5,'2-3,0,1,1,5,3,0,0,5,+1,13
290205002,visit,2197,22,'3-5,'0-0,'0-0,1,3,4,0,0,0,0,2,-7,6
290205002,visit,1016,0,'0-0,'0-0,'0-0,0,0,0,0,0,0,0,0,+0,0
290205002,visit,2426,11,'1-5,'0-2,'0-1,0,2,2,0,1,0,0,3,+2,2
290205002,visit,549,2,'1-1,'0-0,'0-0,0,0,0,0,0,0,0,0,-5,2
290205002,visit,2450,0,'0-0,'0-0,'0-0,0,0,0,0,0,0,0,0,+0,0
290205002,visit,2748,0,'0-0,'0-0,'0-0,0,0,0,0,0,0,0,0,+0,0
290205002,visit,3002,12,'3-3,'1-1,'0-1,0,2,2,1,1,0,0,3,+0,7
290205002,visit,2421,17,'1-3,'1-3,'2-2,0,1,1,1,1,0,2,3,-1,5
290205002,visit,3245,0,'0-0,'0-0,'0-0,0,0,0,0,0,0,0,0,+0,0
290205002,home,261,33,'7-12,'0-0,'2-2,1,5,6,2,1,3,4,6,+9,16
290205002,home,662,45,'5-13,'1-3,'10-13,0,8,8,5,2,0,5,2,-9,21
290205002,home,2018,35,'1-3,'0-0,'2-2,2,7,9,0,1,4,0,4,-4,4
290205002,home,3026,37,'7-16,'0-0,'2-2,2,6,8,12,1,0,2,4,-1,16
290205002,home,9,47,'9-21,'3-9,'1-1,0,2,2,3,1,0,3,2,+6,22
290205002,home,1021,0,'0-0,'0-0,'0-0,0,0,0,0,0,0,0,0,+6,0
290205002,home,3200,22,'1-8,'0-0,'0-0,1,2,3,1,0,0,1,3,-13,2
290205002,home,3023,16,'5-7,'0-0,'0-0,5,3,8,0,0,0,1,3,+2,10
290205002,home,3464,0,'0-0,'0-0,'0-0,0,0,0,0,0,0,0,0,+0,0
290205002,home,3019,0,'0-0,'0-0,'0-0,0,0,0,0,0,0,0,0,+0,0
290205002,home,3227,0,'0-0,'0-0,'0-0,0,0,0,0,0,0,0,0,+0,0
290205002,home,138,0,'0-0,'0-0,'0-0,0,0,0,0,0,0,0,0,-1,0
290205002,home,2367,11,'1-3,'0-0,'0-0,0,0,0,2,1,1,0,1,-1,2
290205002,home,348,20,'6-10,'4-6,'0-0,1,2,3,1,1,0,0,3,+6,16
